Submission id,Participant id,Status,Custom study tncs accepted at,Started at,Completed at,Reviewed at,Archived at,Time taken,Completion code,Total approvals,Fluent languages,Age,Sex,Ethnicity simplified,Country of birth,Country of residence,Nationality,Language,Student status,Employment status
683066eaee7d4859bddd2975,63c08fa9f3882764b4e8e7dd,APPROVED,Not Applicable,2025-05-23T12:15:43.452000Z,2025-05-23T12:20:14.320000Z,2025-05-27T05:21:39.335000Z,2025-05-23T12:20:14.827307Z,271.0,C1PE2AUF,1847,"English, German",33,Male,White,Germany,Germany,Germany,German,No,Full-Time
6830672b80206caf8346c678,5fff0b0bcbc37a5f5928ed26,APPROVED,Not Applicable,2025-05-23T12:16:43.438000Z,2025-05-23T12:22:11.571000Z,2025-05-23T12:22:15.946000Z,2025-05-23T12:22:12.057141Z,329.0,C1PE2AUF,3294,"English, German",42,Male,White,Germany,Germany,Germany,German,No,Full-Time
68306730b50e00670780b1c2,615dfd1954be2c1b879d6e26,APPROVED,Not Applicable,2025-05-23T12:16:48.375000Z,2025-05-23T12:27:45.713000Z,2025-05-23T12:27:46.980000Z,2025-05-23T12:27:46.190465Z,658.0,C1PE2AUF,988,"German, English",51,Male,White,Germany,Germany,Germany,German,No,"Not in paid work (e.g. homemaker', 'retired or disabled)"
6830674515b8529169a5a12e,627bbf69ab2788507bc421a2,APPROVED,Not Applicable,2025-05-23T12:17:09.787000Z,2025-05-23T12:23:39.791000Z,2025-05-23T12:23:41.814000Z,2025-05-23T12:23:40.260584Z,391.0,C1PE2AUF,2491,"English, German",38,Male,White,Germany,Germany,Germany,German,DATA_EXPIRED,DATA_EXPIRED
68306755f35c2a04ca3d89f6,60993696b2cca36f8aafd770,APPROVED,Not Applicable,2025-05-23T12:17:33.587000Z,2025-05-23T12:24:12.934000Z,2025-05-23T12:24:13.674000Z,2025-05-23T12:24:13.469238Z,400.0,C1PE2AUF,1877,"English, German",41,Female,White,Germany,Germany,Germany,German,No,Full-Time
6830677ab1c8ad19dbfc6fae,5e5832478c2b6f03f9acd234,APPROVED,Not Applicable,2025-05-23T12:18:14.879000Z,2025-05-23T12:23:51.275000Z,2025-05-23T12:23:51.948000Z,2025-05-23T12:23:51.824446Z,337.0,C1PE2AUF,1488,"English, French, German",54,Male,White,Germany,Germany,France,German,No,Full-Time
683067cbbb35a06f74f45915,5fbe72941cf1d201bc50c1d4,APPROVED,Not Applicable,2025-05-23T12:19:29.826000Z,2025-05-23T12:23:55.040000Z,2025-05-27T05:21:39.603000Z,2025-05-23T12:23:55.574647Z,266.0,C1PE2AUF,2228,"English, German",37,Female,White,Germany,Germany,Germany,German,No,Part-Time
68306809890a7c84d8a0514d,5a7fab56f49c9a0001f3549e,RETURNED,Not Applicable,2025-05-23T12:20:29.302000Z,,,2025-05-27T05:22:21.160174Z,,,4022,CONSENT_REVOKED,CONSENT_REVOKED,CONSENT_REVOKED,CONSENT_REVOKED,CONSENT_REVOKED,CONSENT_REVOKED,CONSENT_REVOKED,CONSENT_REVOKED,CONSENT_REVOKED,CONSENT_REVOKED
6830694e889dd49f96c73a45,603d1af5db9042b99bfe211e,APPROVED,Not Applicable,2025-05-23T12:25:53.374000Z,2025-05-23T12:32:13.331000Z,2025-05-23T12:32:14.129000Z,2025-05-23T12:32:14.040841Z,380.0,C1PE2AUF,306,"English, German",26,Female,White,Germany,Germany,Germany,German,Yes,"Not in paid work (e.g. homemaker', 'retired or disabled)"
68306a1d7d07f7a7607f79d9,63f6216fd56701af4b7188f4,APPROVED,Not Applicable,2025-05-23T12:29:21.981000Z,2025-05-23T12:33:53.868000Z,2025-05-27T05:21:39.839000Z,2025-05-23T12:33:54.351751Z,272.0,C1PE2AUF,1956,"English, German",32,Male,White,Germany,Germany,Germany,German,No,Full-Time
68306a37cda250e25ea3f669,603a80b01bb75f608c3dbb0d,APPROVED,Not Applicable,2025-05-23T12:29:48.412000Z,2025-05-23T12:33:56.608000Z,2025-05-27T05:21:40.099000Z,2025-05-23T12:33:57.178097Z,249.0,C1PE2AUF,1878,"English, German, French",39,Male,White,Germany,Germany,Germany,German,No,Full-Time
68306a4eea10b4ba02348516,5c79a584670f87001646cef6,APPROVED,Not Applicable,2025-05-23T12:30:49.833000Z,2025-05-23T12:50:55.762000Z,2025-05-23T12:50:56.361000Z,2025-05-23T12:50:56.275959Z,1206.0,C1PE2AUF,2461,"German, English",72,Female,White,Germany,Germany,Germany,German,No,DATA_EXPIRED
68306bfe1aba5f3e20bb5407,5ee7fbc114d0a60f9b076fb6,APPROVED,Not Applicable,2025-05-23T12:41:27.739000Z,2025-05-23T12:50:52.270000Z,2025-05-23T12:50:52.834000Z,2025-05-23T12:50:52.741687Z,565.0,C1PE2AUF,3152,"German, English",47,Male,White,Germany,Germany,Germany,German,No,Full-Time
68306cb8bde6020ece37d3bc,5da727bfc2a70a0011a128e0,APPROVED,Not Applicable,2025-05-23T12:41:06.741000Z,2025-05-23T12:48:31.659000Z,2025-05-23T12:48:32.280000Z,2025-05-23T12:48:32.195548Z,445.0,C1PE2AUF,2355,"German, English",62,Female,White,Germany,Germany,Germany,German,No,"Not in paid work (e.g. homemaker', 'retired or disabled)"
68306d17fa038d101ef98359,582630568061bd0001327245,APPROVED,Not Applicable,2025-05-23T12:42:04.525000Z,2025-05-23T12:47:49.244000Z,2025-05-23T12:47:49.815000Z,2025-05-23T12:47:49.736843Z,345.0,C1PE2AUF,1233,"English, German",42,Female,White,Germany,Germany,Germany,German,No,"Not in paid work (e.g. homemaker', 'retired or disabled)"
68306d28006c397f94880f1f,63408fcd2af6d768d5901d79,APPROVED,Not Applicable,2025-05-23T12:42:48.304000Z,2025-05-23T13:06:44.398000Z,2025-05-23T13:06:45.023000Z,2025-05-23T13:06:44.929090Z,1437.0,C1PE2AUF,1425,"German, English",36,Male,White,Germany,Germany,Germany,German,No,Full-Time
68306d9e49d9fed6acc6559b,63b6c7ef20c45fd1cff1ddca,APPROVED,Not Applicable,2025-05-23T12:44:28.740000Z,2025-05-23T12:56:50.355000Z,2025-05-23T12:56:53.896000Z,2025-05-23T12:56:50.905117Z,742.0,C1PE2AUF,1555,"German, English",47,Male,White,Germany,Germany,Germany,German,DATA_EXPIRED,DATA_EXPIRED
68306dd0d8b8392777749645,5a942689b5e2110001c67d93,APPROVED,Not Applicable,2025-05-23T12:45:08.593000Z,2025-05-23T12:49:47.141000Z,2025-05-27T05:21:40.325000Z,2025-05-23T12:49:47.661398Z,279.0,C1PE2AUF,1488,"English, German",35,Male,White,Germany,Germany,Germany,German,DATA_EXPIRED,Full-Time
68306e2cce31aef70f3c5489,60f866ea13e9f2e5cf2fa8fc,APPROVED,Not Applicable,2025-05-23T12:51:22.912000Z,2025-05-23T13:15:25.904000Z,2025-05-23T13:15:26.956000Z,2025-05-23T13:15:26.857357Z,1443.0,C1PE2AUF,991,"German, English",25,Male,White,Germany,Germany,Germany,German,Yes,Part-Time
68306e7a71157a9115ce2229,627bea2e3c86071aa9717618,APPROVED,Not Applicable,2025-05-23T12:48:01.459000Z,2025-05-23T12:54:00.986000Z,2025-05-23T12:54:01.712000Z,2025-05-23T12:54:01.580074Z,360.0,C1PE2AUF,176,"English, German",23,Female,White,Germany,Germany,Germany,German,Yes,"Not in paid work (e.g. homemaker', 'retired or disabled)"
68306e8dfe2beb29c0d56612,5c766ec88b00ca00164c0500,APPROVED,Not Applicable,2025-05-23T12:48:16.699000Z,2025-05-23T12:50:57.787000Z,2025-05-27T05:21:40.561000Z,2025-05-23T12:50:58.310351Z,162.0,C1PE2AUF,801,"English, German",26,Male,White,Germany,Germany,Germany,German,DATA_EXPIRED,DATA_EXPIRED
68306ec42210c310513e0dd3,60915a5ad91c6f5cdcb5cf9f,APPROVED,Not Applicable,2025-05-23T12:49:48.103000Z,2025-05-23T13:00:35.635000Z,2025-05-23T13:00:36.186000Z,2025-05-23T13:00:36.087870Z,648.0,C1PE2AUF,921,"German, English",65,Female,White,Germany,Germany,Germany,German,DATA_EXPIRED,Full-Time
68306f1a2210c310513e0dec,63206e5a3c9c07646ab937e7,APPROVED,Not Applicable,2025-05-23T12:50:39.127000Z,2025-05-23T12:54:20.208000Z,2025-05-27T05:21:40.792000Z,2025-05-23T12:54:20.723505Z,222.0,C1PE2AUF,952,"English, German",27,Male,White,Germany,Germany,Germany,German,DATA_EXPIRED,Full-Time
68306f1d1083cc40f6322df7,5de41671e3e0cc4129b5e3c1,APPROVED,Not Applicable,2025-05-23T12:50:43.216000Z,2025-05-23T12:55:40.248000Z,2025-05-27T05:21:41.044000Z,2025-05-23T12:55:40.834332Z,298.0,C1PE2AUF,1601,"English, German",42,Male,White,Germany,Germany,Germany,German,DATA_EXPIRED,Full-Time
68306f91f49f44235a1d1939,631688f3ae7064f6b389cfbd,APPROVED,Not Applicable,2025-05-23T12:52:35.611000Z,2025-05-23T12:57:15.997000Z,2025-05-27T05:21:41.270000Z,2025-05-23T12:57:16.539398Z,281.0,C1PE2AUF,799,German,25,Male,White,Germany,Germany,Germany,German,No,Full-Time
68307001d0a71c151287b6e6,5bfb9bd1b7fc5f00019f46ba,APPROVED,Not Applicable,2025-05-23T12:54:25.935000Z,2025-05-23T12:59:12.879000Z,2025-05-27T05:21:41.499000Z,2025-05-23T12:59:13.435213Z,287.0,C1PE2AUF,444,"English, German",33,Male,White,Germany,Germany,Germany,German,No,Full-Time
683070911e554d172b320d47,633718959097b8dce21661f7,APPROVED,Not Applicable,2025-05-23T12:56:53.619000Z,2025-05-23T13:03:21.836000Z,2025-05-23T13:03:22.536000Z,2025-05-23T13:03:22.426372Z,389.0,C1PE2AUF,995,"English, German",34,Male,White,Germany,Germany,Germany,German,No,Full-Time
683070a503e4aee9687c09ae,60060089125e50636ad6719e,APPROVED,Not Applicable,2025-05-23T12:58:46.056000Z,2025-05-23T13:03:38.430000Z,2025-05-27T05:21:41.731000Z,2025-05-23T13:03:38.916805Z,293.0,C1PE2AUF,2043,"English, German",27,Female,White,Germany,Germany,Germany,German,No,Part-Time
683070f793fe3eadbfe5951a,615452aaabb932ada88ef3ca,APPROVED,Not Applicable,2025-05-23T12:58:34.439000Z,2025-05-23T13:06:37.814000Z,2025-05-23T13:06:38.355000Z,2025-05-23T13:06:38.271990Z,484.0,C1PE2AUF,1988,"English, German",35,Male,White,Germany,Germany,Germany,German,No,Full-Time
683071120ebd3803937896ae,63b6be975097f6e31872fc0e,APPROVED,Not Applicable,2025-05-23T12:59:03.410000Z,2025-05-23T13:03:28.924000Z,2025-05-27T05:21:41.974000Z,2025-05-23T13:03:29.487016Z,266.0,C1PE2AUF,1227,"English, German",28,Male,White,Germany,Germany,Germany,German,Yes,Part-Time
6830717c7454a34977d86176,5a1dc8e45d06850001b012b6,APPROVED,Not Applicable,2025-05-23T13:00:51.516000Z,2025-05-23T13:05:57.568000Z,2025-05-23T13:05:58.167000Z,2025-05-23T13:05:58.085236Z,307.0,C1PE2AUF,649,"English, German",27,Female,White,Germany,Germany,Germany,German,No,DATA_EXPIRED
6830717cb1a0fb0a2213f5de,6027eac2f4090f09439ee8e4,APPROVED,Not Applicable,2025-05-23T13:00:52.307000Z,2025-05-23T13:05:45.044000Z,2025-05-27T05:21:42.208000Z,2025-05-23T13:05:45.606182Z,293.0,C1PE2AUF,1899,"English, French, German",25,Female,White,Germany,Germany,Germany,German,No,Full-Time
683073c8f4a70aca5fd3d032,5caa1d2a4be4c60001efca92,RETURNED,Not Applicable,2025-05-23T13:10:34.785000Z,,,2025-05-27T05:22:21.161543Z,,,1432,CONSENT_REVOKED,CONSENT_REVOKED,CONSENT_REVOKED,CONSENT_REVOKED,CONSENT_REVOKED,CONSENT_REVOKED,CONSENT_REVOKED,CONSENT_REVOKED,CONSENT_REVOKED,CONSENT_REVOKED
6830741846e01ade67d788c5,5dd7047964cd48000dbefed3,APPROVED,Not Applicable,2025-05-23T13:11:57.169000Z,2025-05-23T13:16:00.753000Z,2025-05-27T05:21:42.452000Z,2025-05-23T13:16:01.381896Z,244.0,C1PE2AUF,374,"Spanish, German, English",30,Female,White,Germany,Germany,Germany,German,No,Full-Time
68307432eec6f539a4784f05,5906ff5f0070cb000186b5fb,APPROVED,Not Applicable,2025-05-23T13:12:22.190000Z,2025-05-23T13:17:56.653000Z,2025-05-23T13:17:57.316000Z,2025-05-23T13:17:57.202901Z,335.0,C1PE2AUF,1767,German,65,Male,White,Germany,Germany,Germany,German,No,Full-Time
6830755505df546b3db0d457,63c0157fbc63b6511d336764,APPROVED,Not Applicable,2025-05-23T13:18:11.947000Z,2025-05-23T13:27:47.772000Z,2025-05-23T13:27:48.438000Z,2025-05-23T13:27:48.332515Z,576.0,C1PE2AUF,1788,"English, German",46,Female,White,Germany,Germany,Germany,German,No,"Not in paid work (e.g. homemaker', 'retired or disabled)"
683075da5b9de6af60b7db24,5da0f6e6b16ded001628cfd7,APPROVED,Not Applicable,2025-05-23T13:19:35.809000Z,2025-05-23T13:25:14.686000Z,2025-05-23T13:25:16.787000Z,2025-05-23T13:25:15.455238Z,339.0,C1PE2AUF,882,"English, German",37,Male,White,Germany,Germany,Germany,German,Yes,Part-Time
6830763fd605e7e720b10874,5b059b10f58f8400018af5d5,APPROVED,Not Applicable,2025-05-23T13:21:05.939000Z,2025-05-23T13:27:39.880000Z,2025-05-23T13:27:41.494000Z,2025-05-23T13:27:40.442474Z,394.0,C1PE2AUF,311,"German, English",23,Male,White,Germany,Germany,Germany,German,No,Full-Time
6830770cce172b1fd8e1fb2c,610485a4b72881131d111afd,APPROVED,Not Applicable,2025-05-23T13:24:31.619000Z,2025-05-23T13:28:21.341000Z,2025-05-27T05:21:42.700000Z,2025-05-23T13:28:21.873633Z,230.0,C1PE2AUF,569,"English, German",26,Female,White,Germany,Germany,Germany,German,DATA_EXPIRED,DATA_EXPIRED
6830779ce0e6ddeb37a2a732,63b6c2571996c69d5768edaa,APPROVED,Not Applicable,2025-05-23T13:26:57.224000Z,2025-05-23T13:29:44.138000Z,2025-05-27T05:21:42.949000Z,2025-05-23T13:29:44.676454Z,167.0,C1PE2AUF,124,"English, German",40,Male,White,Germany,Germany,Germany,German,DATA_EXPIRED,Full-Time
683077b262f1e1c32bf6fd9a,5d584e8d6c6798000122a0f1,APPROVED,Not Applicable,2025-05-23T13:27:19.486000Z,2025-05-23T13:34:47.749000Z,2025-05-23T13:34:48.309000Z,2025-05-23T13:34:48.218749Z,449.0,C1PE2AUF,635,"English, German",33,Female,White,Germany,Germany,Germany,German,No,DATA_EXPIRED
6830786768c1f52673eea105,61544a00503d1d16d35a2303,APPROVED,Not Applicable,2025-05-23T13:30:27.199000Z,2025-05-23T13:35:55.987000Z,2025-05-23T13:35:56.829000Z,2025-05-23T13:35:56.733019Z,329.0,C1PE2AUF,2033,"German, English",42,Male,White,Germany,Germany,Germany,German,No,Full-Time
683078a47ea4454b3303522d,637e43ed37a85a6f97910c63,APPROVED,Not Applicable,2025-05-23T13:31:30.137000Z,2025-05-23T13:36:26.383000Z,2025-05-27T05:21:43.185000Z,2025-05-23T13:36:26.849374Z,297.0,C1PE2AUF,198,"English, German",30,Male,White,Germany,Germany,Germany,German,No,Unemployed (and job seeking)
6830794396278cb8a0e3774f,604d17eb4931a500d6e0a3d3,APPROVED,Not Applicable,2025-05-23T13:41:56.697000Z,2025-05-23T13:50:44.715000Z,2025-05-23T13:50:46.312000Z,2025-05-23T13:50:45.212503Z,529.0,C1PE2AUF,1440,"English, German",62,Female,White,Germany,Germany,Germany,German,DATA_EXPIRED,DATA_EXPIRED
6830797331b4868dd1c42e2d,63eaa34e4d5bdf6b859a1149,APPROVED,Not Applicable,2025-05-23T13:34:47.296000Z,2025-05-23T13:39:16.011000Z,2025-05-27T05:21:43.418000Z,2025-05-23T13:39:16.535011Z,269.0,C1PE2AUF,872,"English, German",40,Male,White,Germany,Germany,Germany,German,DATA_EXPIRED,DATA_EXPIRED
68307976b6659e74889c5d9b,611d94093c8afb3ae8b97efa,APPROVED,Not Applicable,2025-05-23T13:34:50.487000Z,2025-05-23T13:42:04.784000Z,2025-05-23T13:42:05.419000Z,2025-05-23T13:42:05.341679Z,435.0,C1PE2AUF,287,"English, German",25,Male,White,Germany,Germany,Germany,German,No,Full-Time
68307bc5149df746b19eb044,58d4ebdec8677b0001a2107b,APPROVED,Not Applicable,2025-05-23T13:44:39.722000Z,2025-05-23T13:52:47.402000Z,2025-05-23T13:52:51.070000Z,2025-05-23T13:52:47.936474Z,488.0,C1PE2AUF,2685,"English, Polish, German",40,Male,White,Germany,Germany,Germany,German,No,Unemployed (and job seeking)
68307c0cf7c9d1112fbb30d3,5bbbdca68f3bd70001e713ef,APPROVED,Not Applicable,2025-05-23T13:45:56.906000Z,2025-05-23T13:51:24.659000Z,2025-05-23T13:51:25.293000Z,2025-05-23T13:51:25.187953Z,328.0,C1PE2AUF,2107,"German, English",37,Male,White,Germany,Germany,Germany,German,DATA_EXPIRED,DATA_EXPIRED
68307cc9e2d3de77b50f1c19,58c537bfb101a7000129391a,APPROVED,Not Applicable,2025-05-23T13:49:00.760000Z,2025-05-23T13:54:41.272000Z,2025-05-23T13:54:44.426000Z,2025-05-23T13:54:41.722322Z,341.0,C1PE2AUF,2687,"English, French, German",43,Female,White,Germany,Germany,Germany,German,No,Full-Time
68307de049d76ea6d64ccf57,615323ff5ce68a5dbe37eebe,APPROVED,Not Applicable,2025-05-23T13:53:39.247000Z,2025-05-23T13:59:50.964000Z,2025-05-23T13:59:51.716000Z,2025-05-23T13:59:51.592480Z,372.0,C1PE2AUF,1111,"English, German",49,Male,White,Germany,Germany,Germany,German,No,Full-Time
68307f69139b17c38eda6e66,5fb42f807e81960acbfdb22e,APPROVED,Not Applicable,2025-05-23T14:00:09.074000Z,2025-05-23T14:06:39.635000Z,2025-05-23T14:06:40.187000Z,2025-05-23T14:06:40.092855Z,391.0,C1PE2AUF,1016,"English, German",42,Male,White,Germany,Germany,Germany,German,No,DATA_EXPIRED
6830809b7c5f3d87d81fbef7,5962799cb752840001ca478b,APPROVED,Not Applicable,2025-05-23T14:05:19.079000Z,2025-05-23T14:13:29.790000Z,2025-05-23T14:13:30.413000Z,2025-05-23T14:13:30.341732Z,491.0,C1PE2AUF,2563,"English, German",38,Male,White,Germany,Germany,Germany,German,DATA_EXPIRED,DATA_EXPIRED
6830827594c36227bb84b311,5f6e0193d2da8c2cb5e7beec,APPROVED,Not Applicable,2025-05-23T14:13:17.882000Z,2025-05-23T14:16:52.361000Z,2025-05-27T05:21:43.649000Z,2025-05-23T14:16:52.853952Z,215.0,C1PE2AUF,394,"German, English",36,Male,White,Germany,Germany,Germany,German,DATA_EXPIRED,DATA_EXPIRED
68308308b539522863e0dfec,5dd08cf019eecb169dc131ba,APPROVED,Not Applicable,2025-05-23T14:15:41.329000Z,2025-05-23T14:40:53.731000Z,2025-05-23T14:40:54.530000Z,2025-05-23T14:40:54.330402Z,1513.0,C1PE2AUF,1933,German,39,Female,White,Germany,Germany,Germany,German,No,Full-Time
683083c4e87c74e484d490d6,656dfef713b8d414bd002040,APPROVED,Not Applicable,2025-05-23T14:19:38.791000Z,2025-05-23T14:31:20.415000Z,2025-05-23T14:31:21.164000Z,2025-05-23T14:31:21.041332Z,702.0,C1PE2AUF,434,"English, German, Spanish, French",29,Female,White,United States,Germany,United States,German,DATA_EXPIRED,Full-Time
683083d982951a0c6ef619d2,60fe82026da4a38259a8783c,APPROVED,Not Applicable,2025-05-23T14:19:05.593000Z,2025-05-23T14:22:42.803000Z,2025-05-27T05:21:43.878000Z,2025-05-23T14:22:43.238664Z,218.0,C1PE2AUF,1064,"English, German",35,Male,DATA_EXPIRED,Germany,Germany,Germany,German,DATA_EXPIRED,Full-Time
683085f4e9a68ee18b67621d,63ee74be8d86f8b59f5274bb,APPROVED,Not Applicable,2025-05-23T14:28:08.985000Z,2025-05-23T14:35:31.336000Z,2025-05-23T14:35:32.120000Z,2025-05-23T14:35:31.864408Z,443.0,C1PE2AUF,614,"English, German",21,Male,White,Germany,Germany,Germany,German,Yes,Other
683086f1a57c5cf41c524cb5,63b87d2c9edd47ad702413a1,APPROVED,Not Applicable,2025-05-23T14:32:22.127000Z,2025-05-23T14:41:01.749000Z,2025-05-23T14:41:02.856000Z,2025-05-23T14:41:02.225771Z,520.0,C1PE2AUF,1536,"English, German",26,Male,White,Germany,Germany,Germany,German,DATA_EXPIRED,DATA_EXPIRED
683086f205223c865e2b9dac,5c5ee831fac6510001534ee9,APPROVED,Not Applicable,2025-05-23T14:40:04.226000Z,2025-05-23T14:50:42.054000Z,2025-05-23T14:50:42.688000Z,2025-05-23T14:50:42.572263Z,638.0,C1PE2AUF,1110,"German, Croatian",34,Male,White,Germany,Germany,Croatia,German,No,Full-Time
6830872892cea237f99808c7,5dc12924d362410a4ad6d8dd,APPROVED,Not Applicable,2025-05-23T14:33:12.544000Z,2025-05-23T14:46:37.861000Z,2025-05-23T14:46:38.483000Z,2025-05-23T14:46:38.392745Z,806.0,C1PE2AUF,1361,"English, German, Turkish",36,Male,White,Germany,Germany,Germany,German,No,Other
6830874d419eac036b3abc05,5c7dae80f76eef0019019309,APPROVED,Not Applicable,2025-05-23T14:33:52.114000Z,2025-05-23T14:41:23.886000Z,2025-05-23T14:41:24.659000Z,2025-05-23T14:41:24.447257Z,452.0,C1PE2AUF,318,"English, German",28,Male,White,Germany,Germany,Germany,German,No,Full-Time
683087964ad9f9c8a75409be,62c42a1cc2672a0a8e25efc9,APPROVED,Not Applicable,2025-05-23T14:35:27.223000Z,2025-05-23T14:43:23.363000Z,2025-05-23T14:43:24.770000Z,2025-05-23T14:43:23.960712Z,477.0,C1PE2AUF,119,"German, English",22,Male,DATA_EXPIRED,Germany,Germany,Germany,German,DATA_EXPIRED,DATA_EXPIRED
683088810564982fb6a745e4,5ea6d2afae702d06452f2ea5,APPROVED,Not Applicable,2025-05-23T14:39:03.423000Z,2025-05-23T14:48:01.157000Z,2025-05-23T14:48:01.828000Z,2025-05-23T14:48:01.698706Z,538.0,C1PE2AUF,829,"English, German",39,Male,White,Germany,Germany,Germany,German,DATA_EXPIRED,DATA_EXPIRED
683089eb1a1ed58da161aa6e,6290c9ce9fd5487972b2af11,APPROVED,Not Applicable,2025-05-23T14:45:03.250000Z,2025-05-23T14:50:17.024000Z,2025-05-23T14:50:17.660000Z,2025-05-23T14:50:17.536686Z,314.0,C1PE2AUF,377,"English, German, Turkish",29,Female,White,Germany,Germany,Germany,German,No,Part-Time
68308aedf81483bf5a1152bd,63b6bfc861dd62d55125a428,APPROVED,Not Applicable,2025-05-23T14:49:21.666000Z,2025-05-23T14:55:47.653000Z,2025-05-23T14:55:48.311000Z,2025-05-23T14:55:48.243031Z,386.0,C1PE2AUF,1476,"German, English",43,Male,White,Germany,Germany,Germany,German,DATA_EXPIRED,Full-Time
68308be9d63ee734d9318bed,63ebd41e5ff2ef71859ea5aa,APPROVED,Not Applicable,2025-05-23T14:53:32.446000Z,2025-05-23T14:59:05.855000Z,2025-05-23T14:59:06.566000Z,2025-05-23T14:59:06.468160Z,334.0,C1PE2AUF,1149,"German, English",26,Male,White,Germany,Germany,Germany,German,DATA_EXPIRED,DATA_EXPIRED
68308cb76bfeaf03b3778c77,6154d1ad6039a7b481511037,APPROVED,Not Applicable,2025-05-23T14:56:55.478000Z,2025-05-23T15:05:21.083000Z,2025-05-23T15:05:21.695000Z,2025-05-23T15:05:21.611853Z,506.0,C1PE2AUF,1934,"German, English",68,Female,White,Germany,Germany,Germany,German,No,"Not in paid work (e.g. homemaker', 'retired or disabled)"
68308db78da1632c4fa36672,63638dfe0e09f53767fda52b,APPROVED,Not Applicable,2025-05-23T15:01:11.368000Z,2025-05-23T15:08:20.612000Z,2025-05-23T15:08:21.393000Z,2025-05-23T15:08:21.303534Z,430.0,C1PE2AUF,245,"German, English",34,Male,White,Germany,Germany,Germany,German,No,Full-Time
68308ef7ee3c78cd4106b5bb,5bf4033ff719c9000153d38e,APPROVED,Not Applicable,2025-05-23T15:06:31.192000Z,2025-05-23T15:13:48.839000Z,2025-05-23T15:13:49.500000Z,2025-05-23T15:13:49.401578Z,438.0,C1PE2AUF,1245,German,60,Male,White,Germany,Germany,Germany,German,No,Other
68308f8f321d8ea102f61eac,6103b3f524b79dc24a2e413c,APPROVED,Not Applicable,2025-05-23T15:09:07.884000Z,2025-05-23T15:12:54.674000Z,2025-05-27T05:21:44.103000Z,2025-05-23T15:12:55.171255Z,227.0,C1PE2AUF,789,"English, German",40,Female,White,Germany,Germany,Germany,German,No,Full-Time
68308f9055bca78226a9110e,5e5fbff6de7bcc2fc7f396db,APPROVED,Not Applicable,2025-05-23T15:10:00.329000Z,2025-05-23T15:28:50.315000Z,2025-05-23T15:28:50.952000Z,2025-05-23T15:28:50.864048Z,1130.0,C1PE2AUF,2771,"English, Greek, German",31,Female,White,Germany,Germany,Germany,German,Yes,Full-Time
683090767b80d9f98e50738b,627be7db3f5dbd78a324fe22,APPROVED,Not Applicable,2025-05-23T15:12:59.152000Z,2025-05-23T15:20:11.745000Z,2025-05-23T15:20:12.313000Z,2025-05-23T15:20:12.217917Z,433.0,C1PE2AUF,628,"English, German",21,Female,White,Germany,Germany,Germany,German,Yes,Other
6830907cadfb3a32e2b478dd,6106e93f47734da83ba50b8e,APPROVED,Not Applicable,2025-05-23T15:16:02.114000Z,2025-05-23T15:22:44.438000Z,2025-05-23T15:22:45.052000Z,2025-05-23T15:22:44.961484Z,403.0,C1PE2AUF,641,"German, English, Russian",22,Male,White,Germany,Germany,Germany,German,Yes,Other
68309171fa953ea729aa333b,63087c0825f57975757a284a,APPROVED,Not Applicable,2025-05-23T15:17:09.536000Z,2025-05-23T15:23:25.943000Z,2025-05-23T15:23:26.644000Z,2025-05-23T15:23:26.528841Z,377.0,C1PE2AUF,48,"English, German",37,Male,White,Germany,Germany,Germany,German,Yes,Due to start a new job within the next month
683094597c99bbb4d364e2c5,58e3a47a1a964e00019a565e,APPROVED,Not Applicable,2025-05-23T15:29:32.831000Z,2025-05-23T15:38:23.659000Z,2025-05-23T15:38:24.306000Z,2025-05-23T15:38:24.220181Z,531.0,C1PE2AUF,624,"English, Hungarian, German",30,Male,White,Germany,Germany,Germany,German,No,Full-Time
683095131a1ed58da161af2c,5a06ebf2c259f300017656ee,APPROVED,Not Applicable,2025-05-23T15:32:38.137000Z,2025-05-23T15:36:40.563000Z,2025-05-27T05:21:44.333000Z,2025-05-23T15:36:41.055337Z,243.0,C1PE2AUF,958,"English, German",27,Male,White,Germany,Germany,Germany,German,Yes,Part-Time
68309513e0d58c2791a17cc8,5eee61509e63ac300a199f84,APPROVED,Not Applicable,2025-05-23T15:32:53.535000Z,2025-05-23T15:41:14.175000Z,2025-05-23T15:41:14.751000Z,2025-05-23T15:41:14.667074Z,501.0,C1PE2AUF,2103,German,40,Male,White,Germany,Germany,Germany,German,No,Full-Time
6830964a625cad23b0e7645b,6355d51aa2607b8cd2f0b425,APPROVED,Not Applicable,2025-05-23T15:37:52.450000Z,2025-05-23T15:44:28.213000Z,2025-05-23T15:44:31.987000Z,2025-05-23T15:44:28.770022Z,396.0,C1PE2AUF,322,"English, German",21,Female,White,Germany,Germany,Germany,German,Yes,DATA_EXPIRED
6830992b11697ae8533a7db1,5c851854f9d18a00165561b6,APPROVED,Not Applicable,2025-05-23T15:50:08.510000Z,2025-05-23T15:55:20.604000Z,2025-05-23T15:55:23.604000Z,2025-05-23T15:55:21.179484Z,313.0,C1PE2AUF,2042,German,37,Male,White,Germany,Germany,Germany,German,No,Full-Time
683099d5e69cce00334b938d,63cf0e0b1f1c6afb816f4072,APPROVED,Not Applicable,2025-05-23T15:52:53.113000Z,2025-05-23T16:02:13.398000Z,2025-05-23T16:02:14.196000Z,2025-05-23T16:02:13.983716Z,561.0,C1PE2AUF,444,"German, English",43,Male,White,Germany,Germany,Germany,German,DATA_EXPIRED,DATA_EXPIRED
683099f594b1d0178f5412a6,6400c3c608426d94d719eb5f,APPROVED,Not Applicable,2025-05-23T15:53:31.652000Z,2025-05-23T15:59:01.550000Z,2025-05-23T15:59:02.288000Z,2025-05-23T15:59:02.164537Z,330.0,C1PE2AUF,313,"English, French, German",22,Male,White,Germany,Germany,Germany,German,Yes,Other
68309d4fd8d996253da31d6c,5a2c47a10a95ab0001dc69dd,APPROVED,Not Applicable,2025-05-23T16:07:45.756000Z,2025-05-23T16:12:54.658000Z,2025-05-23T16:12:55.298000Z,2025-05-23T16:12:55.174924Z,309.0,C1PE2AUF,148,"English, German",28,Male,White,Germany,Germany,Germany,German,No,Unemployed (and job seeking)
68309d6d29d2e13e27e905c0,6596b554c2c42a781b1b8712,APPROVED,Not Applicable,2025-05-23T16:08:16.941000Z,2025-05-23T16:12:39.963000Z,2025-05-27T05:21:44.979000Z,2025-05-23T16:12:40.469673Z,264.0,C1PE2AUF,512,"English, German",27,Female,White,United States,Germany,Germany,German,DATA_EXPIRED,DATA_EXPIRED
68309d712b4ca54dfd0c0e90,60928a250d3bfcb9a26fe8ef,APPROVED,Not Applicable,2025-05-23T16:08:23.582000Z,2025-05-23T16:16:06.711000Z,2025-05-23T16:16:07.255000Z,2025-05-23T16:16:07.173620Z,464.0,C1PE2AUF,1275,"German, English",27,Female,White,Germany,Germany,Germany,German,DATA_EXPIRED,Part-Time
68309da50c7217be3a386383,611ba1976cd48fdde1f9edd3,APPROVED,Not Applicable,2025-05-23T16:09:13.113000Z,2025-05-23T16:15:18.163000Z,2025-05-23T16:15:18.856000Z,2025-05-23T16:15:18.746265Z,366.0,C1PE2AUF,1339,"English, French, German",24,Female,White,Austria,Germany,Austria,German,Yes,Full-Time
68309dc25a0241715d7f4024,5f17d20539078c0800cb4e7b,APPROVED,Not Applicable,2025-05-23T16:09:43.443000Z,2025-05-23T16:20:21.304000Z,2025-05-23T16:20:23.253000Z,2025-05-23T16:20:21.810954Z,638.0,C1PE2AUF,1662,German,54,Male,White,Germany,Germany,Germany,German,No,Full-Time
68309fcaed13416046b24755,60d229681cec2f5f4431c4cd,APPROVED,Not Applicable,2025-05-23T16:18:28.945000Z,2025-05-23T16:25:39.227000Z,2025-05-23T16:25:39.815000Z,2025-05-23T16:25:39.741798Z,431.0,C1PE2AUF,1582,German,62,Female,White,Germany,Germany,Germany,German,No,Full-Time
6830a103fa208e3e6b1a0488,5ea0505ed0e234000a36775b,APPROVED,Not Applicable,2025-05-23T16:23:35.814000Z,2025-05-23T16:30:00.579000Z,2025-05-23T16:30:01.215000Z,2025-05-23T16:30:01.111753Z,385.0,C1PE2AUF,409,"English, German",30,Male,White,Germany,Germany,Germany,German,Yes,Part-Time
6830a4c334154cef07c7fe51,6068befbd02e67587260ae19,APPROVED,Not Applicable,2025-05-23T16:39:36.019000Z,2025-05-23T16:49:34.731000Z,2025-05-23T16:49:35.390000Z,2025-05-23T16:49:35.291649Z,599.0,C1PE2AUF,364,"English, German",32,Male,White,Germany,Germany,Germany,German,No,"Not in paid work (e.g. homemaker', 'retired or disabled)"
6830a4c972d5c1e627bf72f4,615043f81a9464fc0e5a87bf,APPROVED,Not Applicable,2025-05-23T16:39:41.425000Z,2025-05-23T16:45:06.924000Z,2025-05-23T16:45:07.569000Z,2025-05-23T16:45:07.484639Z,326.0,C1PE2AUF,495,"English, German",49,Male,White,Germany,Germany,Germany,German,DATA_EXPIRED,DATA_EXPIRED
6830a93f5110b80284e1d9e6,60d10503b38976552a1b35da,APPROVED,Not Applicable,2025-05-23T16:58:45.128000Z,2025-05-23T17:02:42.615000Z,2025-05-27T05:21:45.220000Z,2025-05-23T17:02:43.123994Z,238.0,C1PE2AUF,1592,"English, German",28,Male,White,Germany,Germany,Germany,German,No,Full-Time
6830a9bcdb1a1fd3128e15f0,607079a28a504f214dfd77b8,APPROVED,Not Applicable,2025-05-23T17:00:55.354000Z,2025-05-23T17:11:53.723000Z,2025-05-23T17:11:54.805000Z,2025-05-23T17:11:54.719064Z,659.0,C1PE2AUF,1811,"English, German",60,Male,White,Germany,Germany,Germany,German,No,Full-Time
6830ae266bfd268651ac37c0,613ba1090afacfa15f8af1a5,APPROVED,Not Applicable,2025-05-23T17:19:37.851000Z,2025-05-23T17:25:34.113000Z,2025-05-23T17:25:34.806000Z,2025-05-23T17:25:34.726301Z,357.0,C1PE2AUF,981,"English, German",28,Female,White,Germany,Germany,Germany,German,DATA_EXPIRED,DATA_EXPIRED
6830af58878de053d70016a8,5d8c96e60ef92e001a7b8876,APPROVED,Not Applicable,2025-05-23T17:25:26.012000Z,2025-05-23T17:31:53.819000Z,2025-05-23T17:31:56.431000Z,2025-05-23T17:31:54.361209Z,388.0,C1PE2AUF,1725,"German, English",31,Male,White,Germany,Germany,Germany,German,Yes,DATA_EXPIRED
6830afff13a05b28409b725c,60e87602e72ecfc9c9253e43,APPROVED,Not Applicable,2025-05-23T17:27:30.070000Z,2025-05-23T17:31:18.848000Z,2025-05-27T05:21:45.454000Z,2025-05-23T17:31:19.326367Z,229.0,C1PE2AUF,244,"English, German",26,Male,White,Germany,Germany,Germany,German,DATA_EXPIRED,DATA_EXPIRED
6830b0c118a67ee4e6a59e59,62ea83d29a7ce920cbc1de32,APPROVED,Not Applicable,2025-05-23T17:39:24.925000Z,2025-05-23T17:45:18.053000Z,2025-05-23T17:45:18.992000Z,2025-05-23T17:45:18.569345Z,354.0,C1PE2AUF,1558,German,41,Male,White,Germany,Germany,Germany,German,No,Other
6830b5896d3739d557078a27,63b6c5125509286655a439b8,APPROVED,Not Applicable,2025-05-23T17:51:09.947000Z,2025-05-23T17:56:42.290000Z,2025-05-23T17:56:45.595000Z,2025-05-23T17:56:42.749107Z,333.0,C1PE2AUF,282,"English, German",24,Female,White,Germany,Germany,Germany,German,DATA_EXPIRED,DATA_EXPIRED
6830b6bf0e9e82b859bd3136,631f2951646392c69506e361,APPROVED,Not Applicable,2025-05-23T17:56:18.172000Z,2025-05-23T18:03:51.707000Z,2025-05-23T18:03:52.379000Z,2025-05-23T18:03:52.247944Z,454.0,C1PE2AUF,592,"English, French, German",27,Male,White,Germany,Germany,Germany,German,DATA_EXPIRED,DATA_EXPIRED
6830b8bbaf10cb6688aa2689,60207652caa62b6a34ff96dc,APPROVED,Not Applicable,2025-05-23T18:04:50.859000Z,2025-05-23T18:11:06.100000Z,2025-05-23T18:11:12.887000Z,2025-05-23T18:11:06.597964Z,376.0,C1PE2AUF,2237,"German, English",25,Male,White,Germany,Germany,Germany,German,DATA_EXPIRED,DATA_EXPIRED
6830b8d3dab46f69f2a7f0c4,603f47e39649cf0339527014,APPROVED,Not Applicable,2025-05-23T18:05:12.701000Z,2025-05-23T18:09:40.550000Z,2025-05-27T05:21:45.682000Z,2025-05-23T18:09:41.121778Z,268.0,C1PE2AUF,1320,"German, English",48,Female,White,Germany,Germany,Germany,German,No,"Not in paid work (e.g. homemaker', 'retired or disabled)"
6830b968752e6564813a3263,5592a7f2fdf99b3a9e651fd9,APPROVED,Not Applicable,2025-05-23T18:07:36.164000Z,2025-05-23T18:36:45.131000Z,2025-05-23T18:36:45.792000Z,2025-05-23T18:36:45.713213Z,1749.0,C1PE2AUF,940,"English, German",59,Male,White,Germany,Germany,Germany,German,DATA_EXPIRED,DATA_EXPIRED
6830ba317554f77865bc4ef5,5fef891f9bf07d29c1ee7bfe,APPROVED,Not Applicable,2025-05-23T18:20:19.692000Z,2025-05-23T18:29:42.410000Z,2025-05-23T18:29:48.133000Z,2025-05-23T18:29:42.956506Z,563.0,C1PE2AUF,1901,"English, German, French",25,Male,White,Germany,Germany,Germany,German,Yes,Full-Time
6830bb65c1accc19632c16dc,63dea9d9fe7d5a66adf82aa6,APPROVED,Not Applicable,2025-05-23T18:16:08.956000Z,2025-05-23T18:20:08.412000Z,2025-05-27T05:21:45.935000Z,2025-05-23T18:20:08.921792Z,240.0,C1PE2AUF,1187,"German, English",34,Male,White,Germany,Germany,Germany,German,No,Full-Time
6830bb7a79c7c829433fd79b,63fce1d62af707fa9a407725,APPROVED,Not Applicable,2025-05-23T18:16:30.964000Z,2025-05-23T18:21:24.045000Z,2025-05-27T05:21:46.190000Z,2025-05-23T18:21:24.574772Z,294.0,C1PE2AUF,731,"German, English",25,Male,White,Germany,Germany,Germany,German,Yes,Due to start a new job within the next month
6830bc0edab46f69f2a7f237,5bf3199ebe7c7300017b710a,APPROVED,Not Applicable,2025-05-23T18:24:27.539000Z,2025-05-23T18:29:41.400000Z,2025-05-23T18:29:42.806000Z,2025-05-23T18:29:41.982704Z,314.0,C1PE2AUF,2344,"English, German",41,Male,White,Germany,Germany,Germany,German,No,Full-Time
6830c3232e9b18a232822521,633b18d7f6e8422010fe05e6,RETURNED,Not Applicable,2025-05-23T18:49:12.424000Z,,,2025-05-27T05:22:21.159886Z,,,804,CONSENT_REVOKED,CONSENT_REVOKED,CONSENT_REVOKED,CONSENT_REVOKED,CONSENT_REVOKED,CONSENT_REVOKED,CONSENT_REVOKED,CONSENT_REVOKED,CONSENT_REVOKED,CONSENT_REVOKED
6830c5a2770e3c56ca575ff9,5debfbcc3a11682f0fae8b29,APPROVED,Not Applicable,2025-05-23T19:03:32.768000Z,2025-05-23T19:18:25.660000Z,2025-05-23T19:18:26.225000Z,2025-05-23T19:18:26.141104Z,893.0,C1PE2AUF,1893,"German, English",31,Male,White,Germany,Germany,Germany,German,DATA_EXPIRED,Part-Time
6830c92fd289975ed54a72e0,5f2ea8b3704e4d078da3c725,APPROVED,Not Applicable,2025-05-23T19:16:53.805000Z,2025-05-23T19:29:35.642000Z,2025-05-23T19:29:36.267000Z,2025-05-23T19:29:36.180159Z,762.0,C1PE2AUF,698,German,26,Male,White,Germany,Germany,Germany,German,No,Full-Time
6830c945d28528be9876b336,5c1ec17d30f7d70001c1369c,APPROVED,Not Applicable,2025-05-23T19:15:20.410000Z,2025-05-23T19:18:52.580000Z,2025-05-27T05:21:46.453000Z,2025-05-23T19:18:53.113563Z,213.0,C1PE2AUF,1525,"German, English",29,Male,Asian,Germany,Germany,Germany,German,Yes,Part-Time
6830c99fd11edf3e99e80d92,615416df060f5730a1d4e113,APPROVED,Not Applicable,2025-05-23T19:16:52.468000Z,2025-05-23T19:23:10.236000Z,2025-05-23T19:23:10.896000Z,2025-05-23T19:23:10.779659Z,378.0,C1PE2AUF,1635,"English, German",48,Male,White,Germany,Germany,Germany,German,No,Unemployed (and job seeking)
6830ceea89b591e3943b4725,604b169fe4b7991ec08da3a6,APPROVED,Not Applicable,2025-05-23T19:39:26.043000Z,2025-05-23T19:44:56.799000Z,2025-05-23T19:44:57.404000Z,2025-05-23T19:44:57.291338Z,331.0,C1PE2AUF,5524,"English, German",34,Male,White,Russian Federation,Germany,Germany,German,No,Full-Time
6830d09a26871bc67d0d458b,5d53bc573d414c0001f3f007,APPROVED,Not Applicable,2025-05-23T19:46:34.125000Z,2025-05-23T19:59:09.039000Z,2025-05-23T19:59:12.853000Z,2025-05-23T19:59:09.639668Z,755.0,C1PE2AUF,269,German,36,Female,White,Germany,Germany,Germany,German,DATA_EXPIRED,DATA_EXPIRED
6830d125ae7202293f1383b8,5702439e7a84480009b6413d,APPROVED,Not Applicable,2025-05-23T19:48:56.856000Z,2025-05-23T19:56:55.668000Z,2025-05-23T19:56:56.360000Z,2025-05-23T19:56:56.222955Z,479.0,C1PE2AUF,2112,"English, Turkish, German",31,Female,White,Germany,Germany,Germany,German,DATA_EXPIRED,DATA_EXPIRED
6830d142d322f5058f460d99,627bfe5b0f4965a1e102a350,APPROVED,Not Applicable,2025-05-23T19:49:25.438000Z,2025-05-23T19:53:15.989000Z,2025-05-27T05:21:46.740000Z,2025-05-23T19:53:16.467313Z,231.0,C1PE2AUF,820,"English, German",41,Female,White,Germany,Germany,Germany,German,DATA_EXPIRED,DATA_EXPIRED
6830d3a6b5e15d9f25a33f3f,60fd5d982789160769f1ba94,APPROVED,Not Applicable,2025-05-23T19:59:38.049000Z,2025-05-23T20:04:59.613000Z,2025-05-23T20:05:00.219000Z,2025-05-23T20:05:00.125693Z,322.0,C1PE2AUF,1560,German,48,Male,White,Germany,Germany,Germany,German,No,Full-Time
6830d43f17835aa51c1018cd,6317567a5db58c2c330a5497,APPROVED,Not Applicable,2025-05-23T20:02:24.393000Z,2025-05-23T20:06:53.703000Z,2025-05-27T05:21:46.984000Z,2025-05-23T20:06:54.221084Z,270.0,C1PE2AUF,1064,"English, French, German",24,Female,White,Germany,Germany,Germany,German,Yes,Part-Time
6830d99c63fef00db5f40e24,627bfd52e3e0bfd01cd0cad5,APPROVED,Not Applicable,2025-05-23T20:25:04.275000Z,2025-05-23T20:30:05.911000Z,2025-05-23T20:30:06.667000Z,2025-05-23T20:30:06.431792Z,302.0,C1PE2AUF,403,"English, German",26,Female,White,Germany,Germany,Germany,German,Yes,Full-Time
6830de2acf8f789faefc3edd,5e80a5089fb3bb778bb71509,APPROVED,Not Applicable,2025-05-23T20:44:30.849000Z,2025-05-23T20:52:23.416000Z,2025-05-23T20:52:24.026000Z,2025-05-23T20:52:23.922797Z,473.0,C1PE2AUF,243,"English, German",29,Male,White,Germany,Germany,Germany,German,DATA_EXPIRED,DATA_EXPIRED
6830e38a7a103e5ba8bebd14,61545686d49a33dab8587297,APPROVED,Not Applicable,2025-05-23T21:07:22.937000Z,2025-05-23T21:14:36.758000Z,2025-05-23T21:14:37.413000Z,2025-05-23T21:14:37.313657Z,434.0,C1PE2AUF,1019,"English, German",28,Female,White,Germany,Germany,Germany,German,Yes,DATA_EXPIRED
6830f2645a91e66b0d1f90e7,5f4f6af15e8dec017338fd49,APPROVED,Not Applicable,2025-05-23T22:11:01.916000Z,2025-05-23T22:16:32.789000Z,2025-05-23T22:16:33.437000Z,2025-05-23T22:16:33.339989Z,331.0,C1PE2AUF,1054,"German, English",40,Male,White,Germany,Germany,Germany,German,Yes,Full-Time
683104da37096ce084310024,5e6d2835e0de62000922c8c2,APPROVED,Not Applicable,2025-05-23T23:29:51.075000Z,2025-05-23T23:39:50.407000Z,2025-05-23T23:39:56.281000Z,2025-05-23T23:39:50.882548Z,600.0,C1PE2AUF,1126,"German, English",49,Female,White,Germany,Germany,Germany,German,No,Other
68313e647ca9b9b733652885,6098f0aa014e1343c4dc1abd,APPROVED,Not Applicable,2025-05-24T03:35:07.111000Z,2025-05-24T03:44:33.844000Z,2025-05-24T03:44:36.775000Z,2025-05-24T03:44:34.356676Z,567.0,C1PE2AUF,785,"English, German",25,Female,White,Germany,Germany,Germany,German,Yes,Part-Time
6831401447c2f8a16525ceb7,616529cd79b29b3850c420cb,APPROVED,Not Applicable,2025-05-24T03:42:17.077000Z,2025-05-24T03:48:45.426000Z,2025-05-24T03:48:45.987000Z,2025-05-24T03:48:45.890316Z,389.0,C1PE2AUF,1435,"English, German",74,Male,White,Germany,Germany,Germany,German,No,DATA_EXPIRED
6831508a11dcbd5d8cf36419,60be1ebd38d04cdbd9f58121,APPROVED,Not Applicable,2025-05-24T04:52:31.960000Z,2025-05-24T05:00:43.877000Z,2025-05-24T05:00:46.447000Z,2025-05-24T05:00:44.587315Z,492.0,C1PE2AUF,2122,"English, German",33,Male,White,Germany,Germany,Germany,German,DATA_EXPIRED,Full-Time
683156eac9c8794af42a0cc5,5e5b7eee4989f13610bb461b,TIMED-OUT,Not Applicable,2025-05-24T05:19:38.427000Z,,,2025-05-27T05:22:21.162596Z,259363.0,,1495,"English, German",25,Male,White,Germany,Germany,Germany,German,No,Full-Time
68315ab005a5e6704af2fba1,631f836a97713cf0dcd1def4,RETURNED,Not Applicable,2025-05-24T05:35:44.372000Z,,,2025-05-27T05:22:21.162879Z,,,518,CONSENT_REVOKED,CONSENT_REVOKED,CONSENT_REVOKED,CONSENT_REVOKED,CONSENT_REVOKED,CONSENT_REVOKED,CONSENT_REVOKED,CONSENT_REVOKED,CONSENT_REVOKED,CONSENT_REVOKED
68315d9942c577bcddcbeca1,5fd206b9aa0fbf249adf4280,APPROVED,Not Applicable,2025-05-24T05:48:12.943000Z,2025-05-24T05:54:05.879000Z,2025-05-24T05:54:08.081000Z,2025-05-24T05:54:06.365967Z,353.0,C1PE2AUF,1430,"English, German",48,Male,White,Germany,Germany,Germany,German,DATA_EXPIRED,DATA_EXPIRED
68315fed936ea130778c49de,5f7c09657b93161f82ed7610,APPROVED,Not Applicable,2025-05-24T05:58:09.494000Z,2025-05-24T06:04:26.247000Z,2025-05-24T06:04:26.822000Z,2025-05-24T06:04:26.724620Z,377.0,C1PE2AUF,963,"English, German",34,Male,White,Germany,Germany,Germany,German,No,Due to start a new job within the next month
68316389e0770b3870e9e5d7,63b6d9699be848b207be253d,APPROVED,Not Applicable,2025-05-24T06:13:35.442000Z,2025-05-24T06:18:20.799000Z,2025-05-27T05:21:47.255000Z,2025-05-24T06:18:21.195212Z,286.0,C1PE2AUF,411,"English, German, Japanese, Italian, Korean, Spanish",23,Female,White,Germany,Germany,Germany,German,DATA_EXPIRED,DATA_EXPIRED
68316a89e3c0b9d5da62ff73,627bdf26b22b0a4e3ba5c451,APPROVED,Not Applicable,2025-05-24T06:43:24.728000Z,2025-05-24T06:49:05.331000Z,2025-05-24T06:49:08.803000Z,2025-05-24T06:49:05.874324Z,341.0,C1PE2AUF,194,"English, German, Other",25,Male,White,Germany,Germany,Germany,German,No,Full-Time
68316ce19324edf5bd9e0791,59a426b35fd74b0001abfa4f,APPROVED,Not Applicable,2025-05-24T06:53:24.752000Z,2025-05-24T06:57:18.617000Z,2025-05-27T05:21:47.491000Z,2025-05-24T06:57:19.063812Z,234.0,C1PE2AUF,2770,"English, German",42,Female,White,Germany,Germany,Germany,German,No,Full-Time
68317471e0770b3870e9ea74,5a65077363394a00015568b0,APPROVED,Not Applicable,2025-05-24T07:25:40.237000Z,2025-05-24T07:30:59.022000Z,2025-05-24T07:30:59.570000Z,2025-05-24T07:30:59.481865Z,319.0,C1PE2AUF,557,"English, German",47,Female,White,Germany,Germany,Germany,German,No,Other
6831749a66f606a05b58fddd,61544cc35566d7e461bfbe13,APPROVED,Not Applicable,2025-05-24T07:26:21.702000Z,2025-05-24T07:30:10.872000Z,2025-05-27T05:21:47.715000Z,2025-05-24T07:30:11.339931Z,230.0,C1PE2AUF,225,"English, German",35,Male,White,Germany,Germany,Germany,German,Yes,Full-Time
68317bf955312bd7d5788f34,617082143afa2b9f049f8b3b,APPROVED,Not Applicable,2025-05-24T07:57:49.698000Z,2025-05-24T08:02:00.370000Z,2025-05-27T05:21:47.942000Z,2025-05-24T08:02:00.866140Z,251.0,C1PE2AUF,1169,"English, German",36,Male,White,Germany,Germany,Germany,German,Yes,DATA_EXPIRED
68317d72247ab554c91d1496,637e5524f9b70fbaab910c54,RETURNED,Not Applicable,2025-05-24T08:15:00.028000Z,,,2025-05-27T05:22:21.162829Z,,,96,CONSENT_REVOKED,CONSENT_REVOKED,CONSENT_REVOKED,CONSENT_REVOKED,CONSENT_REVOKED,CONSENT_REVOKED,CONSENT_REVOKED,CONSENT_REVOKED,CONSENT_REVOKED,CONSENT_REVOKED
68317d7e05a5e6704af304d4,5ed2edb5b7f800107d47c777,APPROVED,Not Applicable,2025-05-24T08:04:17.706000Z,2025-05-24T08:15:34.031000Z,2025-05-24T08:15:34.571000Z,2025-05-24T08:15:34.492021Z,677.0,C1PE2AUF,1537,"English, German",37,Male,White,Germany,Germany,Germany,German,No,Full-Time
68317f8993bf4e522a8bac8e,6362ae39a567fd42662f5f38,APPROVED,Not Applicable,2025-05-24T08:13:03.301000Z,2025-05-24T08:20:57.490000Z,2025-05-24T08:20:59.378000Z,2025-05-24T08:20:57.973635Z,475.0,C1PE2AUF,592,"English, German, Spanish",24,Female,White,Germany,Germany,Germany,German,DATA_EXPIRED,Other
68318089667dd1f1166487e2,6128e731979bf20540afb14e,APPROVED,Not Applicable,2025-05-24T08:17:20.978000Z,2025-05-24T08:24:18.129000Z,2025-05-24T08:24:18.646000Z,2025-05-24T08:24:18.571634Z,418.0,C1PE2AUF,773,German,27,Female,White,Germany,Germany,Germany,German,No,Part-Time
683181d62c8116af4e914968,63eb478862c5c43d09800e05,APPROVED,Not Applicable,2025-05-24T08:22:49.858000Z,2025-05-24T08:29:59.864000Z,2025-05-24T08:30:00.639000Z,2025-05-24T08:30:00.394362Z,431.0,C1PE2AUF,258,German,26,Female,White,Germany,Germany,Germany,German,Yes,Unemployed (and job seeking)
683182695fe2e46d87ec3bdb,6138ca54d0f9f2234e722285,APPROVED,Not Applicable,2025-05-24T08:25:17.101000Z,2025-05-24T08:39:39.362000Z,2025-05-24T08:39:40.051000Z,2025-05-24T08:39:39.965331Z,863.0,C1PE2AUF,1687,German,31,Male,White,Germany,Germany,Germany,German,No,Full-Time
6831863942c577bcddcbf8b7,63527516fe1e89095d5b670f,APPROVED,Not Applicable,2025-05-24T08:41:33.556000Z,2025-05-24T08:45:50.521000Z,2025-05-27T05:21:48.180000Z,2025-05-24T08:45:50.984960Z,257.0,C1PE2AUF,421,"English, German",22,Male,White,Germany,Germany,Germany,German,Yes,Unemployed (and job seeking)
683186ab01fba8546d883f25,610153bd9cd41f3a39c242a8,APPROVED,Not Applicable,2025-05-24T08:43:28.369000Z,2025-05-24T08:48:46.027000Z,2025-05-24T08:48:46.663000Z,2025-05-24T08:48:46.550577Z,318.0,C1PE2AUF,138,"English, German",22,Male,White,Austria,Germany,Austria,German,Yes,Other
6831901f3c2ab2d2e1e2a9b7,5e986435a93c9104ab935f20,APPROVED,Not Applicable,2025-05-24T09:23:43.295000Z,2025-05-24T09:27:51.397000Z,2025-05-27T05:21:48.423000Z,2025-05-24T09:27:51.868151Z,249.0,C1PE2AUF,1654,"English, German",35,Male,White,Germany,Germany,Germany,German,No,DATA_EXPIRED
6831976f0ab7b0f7f625d239,6159da88bfe91c3ff5fb8d83,APPROVED,Not Applicable,2025-05-24T09:55:03.588000Z,2025-05-24T10:02:26.788000Z,2025-05-24T10:02:27.389000Z,2025-05-24T10:02:27.305875Z,444.0,C1PE2AUF,364,German,25,Female,White,Germany,Germany,Germany,German,No,Full-Time
683199538e8744cbd9d37f71,5f3b9499509b4c01bca3053b,APPROVED,Not Applicable,2025-05-24T10:03:03.875000Z,2025-05-24T10:08:02.565000Z,2025-05-27T05:21:48.651000Z,2025-05-24T10:08:02.996203Z,299.0,C1PE2AUF,891,"English, German",37,Male,White,Germany,Germany,Germany,German,No,Full-Time
6831a0ada100c67b34ef74bd,5c39afacf179bd0001c8756a,APPROVED,Not Applicable,2025-05-24T10:34:31.159000Z,2025-05-24T10:41:40.425000Z,2025-05-24T10:41:43.285000Z,2025-05-24T10:41:40.995832Z,430.0,C1PE2AUF,471,"Spanish, English, German",25,Female,White,Austria,Germany,Austria,German,No,Part-Time
6831aa5a5b00d8f16850a25c,6153d9d6f7dc5d0934da7885,APPROVED,Not Applicable,2025-05-24T11:15:43.235000Z,2025-05-24T11:21:10.798000Z,2025-05-24T11:21:11.445000Z,2025-05-24T11:21:11.342171Z,328.0,C1PE2AUF,445,"German, English",23,Male,White,Germany,Germany,Germany,German,No,Full-Time
6831ab06e431a2fe46d26800,5c0f8d00367ee9000125404a,APPROVED,Not Applicable,2025-05-24T11:18:30.949000Z,2025-05-24T11:26:49.309000Z,2025-05-24T11:26:49.888000Z,2025-05-24T11:26:49.805307Z,499.0,C1PE2AUF,2202,German,34,Male,White,Germany,Germany,Germany,German,Yes,Part-Time
6831b14d55e5d8e358562709,5e77b88c4ffe9932815b0307,APPROVED,Not Applicable,2025-05-24T11:45:21.112000Z,2025-05-24T11:52:02.629000Z,2025-05-24T11:52:06.369000Z,2025-05-24T11:52:03.177784Z,402.0,C1PE2AUF,548,"English, German",35,Female,White,Germany,Germany,Germany,German,No,"Not in paid work (e.g. homemaker', 'retired or disabled)"
6831b499caee226dfb7bb370,62c88d05181da6a9ce6d4477,APPROVED,Not Applicable,2025-05-24T11:59:25.514000Z,2025-05-24T12:04:51.230000Z,2025-05-24T12:04:51.774000Z,2025-05-24T12:04:51.694408Z,326.0,C1PE2AUF,332,"English, German",29,Male,Mixed,Germany,Germany,Germany,German,DATA_EXPIRED,DATA_EXPIRED
6831b53493bf4e522a8bba11,5f298b2b7823df0a46e25d81,APPROVED,Not Applicable,2025-05-24T12:02:03.683000Z,2025-05-24T12:09:28.316000Z,2025-05-24T12:09:28.912000Z,2025-05-24T12:09:28.830934Z,445.0,C1PE2AUF,1580,"English, German",45,Female,White,Germany,Germany,Germany,German,No,DATA_EXPIRED
6831b8352d52f2ac6a35bb08,60fd0232c3f0f1a0f44ca3fb,APPROVED,Not Applicable,2025-05-24T12:14:49.688000Z,2025-05-24T12:19:45.014000Z,2025-05-27T05:21:48.889000Z,2025-05-24T12:19:45.477610Z,296.0,C1PE2AUF,511,"English, German",23,Female,White,Germany,Germany,Germany,German,Yes,Part-Time
6831b91dcdd6947663c7d401,62cbefbcd15dfc0027df4df4,APPROVED,Not Applicable,2025-05-24T12:18:39.538000Z,2025-05-24T12:24:31.824000Z,2025-05-24T12:24:32.398000Z,2025-05-24T12:24:32.303265Z,353.0,C1PE2AUF,311,"German, English",42,Male,White,Germany,Germany,Germany,German,No,Full-Time
6831bdcee3eae28769a60894,631f27bf2da04850cf83f64f,APPROVED,Not Applicable,2025-05-24T12:38:42.229000Z,2025-05-24T12:44:05.708000Z,2025-05-24T12:44:06.310000Z,2025-05-24T12:44:06.212847Z,324.0,C1PE2AUF,817,"English, German, Turkish",21,Male,White,Germany,Germany,Germany,German,Yes,Part-Time
6831be2d2b196ff2c161bacc,607512402f23b51552ab2d58,APPROVED,Not Applicable,2025-05-24T12:40:19.651000Z,2025-05-24T12:47:21.785000Z,2025-05-24T12:47:22.427000Z,2025-05-24T12:47:22.305836Z,423.0,C1PE2AUF,589,German,41,Male,White,Germany,Germany,Germany,German,DATA_EXPIRED,DATA_EXPIRED
6831be87e3c0b9d5da631408,5e73ee33183e7602ef20afe6,APPROVED,Not Applicable,2025-05-24T12:42:35.136000Z,2025-05-24T12:47:45.524000Z,2025-05-24T12:47:46.120000Z,2025-05-24T12:47:46.006161Z,311.0,C1PE2AUF,565,"English, Spanish, German",24,Prefer not to say,White,Germany,Germany,Germany,German,DATA_EXPIRED,DATA_EXPIRED
6831c3d6a05080eeecaf456c,62907f7e44e9c50db7b71cd6,APPROVED,Not Applicable,2025-05-24T13:04:25.959000Z,2025-05-24T13:09:00.961000Z,2025-05-27T05:21:49.138000Z,2025-05-24T13:09:15.974359Z,276.0,C1PE2AUF,897,"English, German",29,Female,White,Germany,Germany,Germany,German,No,DATA_EXPIRED
6831c5a3801bc0b37e784bef,629898db9c3fbe0a82d2a163,APPROVED,Not Applicable,2025-05-24T13:12:09.932000Z,2025-05-24T13:24:41.086000Z,2025-05-24T13:24:41.702000Z,2025-05-24T13:24:41.600409Z,752.0,C1PE2AUF,625,"English, German",53,Female,White,Germany,Germany,Germany,German,No,Full-Time
6831c5a89ec8c31762b804af,55c629bcfdf99b44204e74e2,APPROVED,Not Applicable,2025-05-24T13:12:11.979000Z,2025-05-24T13:16:05.711000Z,2025-05-27T05:21:49.372000Z,2025-05-24T13:16:06.212050Z,234.0,C1PE2AUF,1376,"English, German",35,Female,White,Germany,Germany,Germany,German,No,Part-Time
6831c68dd31cc6f3c1f74d94,63468f72be958e0ee54acef9,APPROVED,Not Applicable,2025-05-24T13:16:02.436000Z,2025-05-24T13:23:56.968000Z,2025-05-24T13:24:00.236000Z,2025-05-24T13:23:57.438817Z,475.0,C1PE2AUF,870,"English, German",23,Male,White,Germany,Germany,Germany,German,Yes,"Not in paid work (e.g. homemaker', 'retired or disabled)"
6831ca22e438885e183d9c48,5e99c3f5545b26029634df55,APPROVED,Not Applicable,2025-05-24T13:31:18.601000Z,2025-05-24T13:36:10.236000Z,2025-05-27T05:21:49.606000Z,2025-05-24T13:36:10.817618Z,292.0,C1PE2AUF,392,"English, German, Turkish",29,Male,White,Germany,Germany,Germany,German,Yes,Other
6831cc67587fd5e38c7f2223,5f44f49cac84e903597696f7,APPROVED,Not Applicable,2025-05-24T13:40:58.945000Z,2025-05-24T13:47:44.729000Z,2025-05-24T13:47:45.348000Z,2025-05-24T13:47:45.251728Z,406.0,C1PE2AUF,262,"English, German",36,Female,White,Germany,Germany,Germany,German,No,DATA_EXPIRED
6831ccd9b18f2304d0b2b962,63b75572ed10d22f0b97d96d,APPROVED,Not Applicable,2025-05-24T13:43:05.549000Z,2025-05-24T13:48:01.361000Z,2025-05-27T05:21:49.833000Z,2025-05-24T13:48:01.879794Z,296.0,C1PE2AUF,113,"German, English",34,Male,White,Germany,Germany,Germany,German,No,Unemployed (and job seeking)
6831d563d3a48bea12a21ee2,5fb96651fe5aef802daa6e61,APPROVED,Not Applicable,2025-05-24T14:19:18.248000Z,2025-05-24T14:23:49.798000Z,2025-05-27T05:21:50.084000Z,2025-05-24T14:23:50.328150Z,272.0,C1PE2AUF,270,"English, German",24,Male,White,Germany,Germany,Germany,German,Yes,Full-Time
6831e0f2d0bd8e03e33dd97e,608491c3db88669da6f8898b,APPROVED,Not Applicable,2025-05-24T15:08:37.590000Z,2025-05-24T15:15:52.998000Z,2025-05-24T15:15:53.629000Z,2025-05-24T15:15:53.527557Z,436.0,C1PE2AUF,608,"German, English",30,Female,White,Germany,Germany,Germany,German,DATA_EXPIRED,Full-Time
6831e1df2825ad5b1db720a1,62e0d8558cdb66525fdc09c7,APPROVED,Not Applicable,2025-05-24T15:12:34.084000Z,2025-05-24T15:21:04.699000Z,2025-05-24T15:21:05.354000Z,2025-05-24T15:21:05.260054Z,511.0,C1PE2AUF,476,"English, German",33,Male,White,Germany,Germany,Germany,German,Yes,Full-Time
6831e8a115b8e3dd08721c31,63c658437791ac7be49f06e9,APPROVED,Not Applicable,2025-05-24T15:41:24.899000Z,2025-05-24T15:45:49.885000Z,2025-05-27T05:21:50.323000Z,2025-05-24T15:45:50.386008Z,265.0,C1PE2AUF,1257,"English, German",28,Male,Mixed,Germany,Germany,Germany,German,DATA_EXPIRED,Unemployed (and job seeking)
6831e915879f44d72a71ff2d,63e541ce8f1afa32cc7d1627,APPROVED,Not Applicable,2025-05-24T15:43:17.775000Z,2025-05-24T15:52:36.369000Z,2025-05-24T15:52:36.871000Z,2025-05-24T15:52:36.779379Z,559.0,C1PE2AUF,766,"English, German",27,Male,White,Germany,Germany,Germany,German,DATA_EXPIRED,DATA_EXPIRED
6831ec304db2c740233a4685,5ad477fc4d061300011b28ab,APPROVED,Not Applicable,2025-05-24T15:56:35.467000Z,2025-05-24T16:00:29.583000Z,2025-05-27T05:21:50.557000Z,2025-05-24T16:00:30.106784Z,235.0,C1PE2AUF,504,"English, French, German",35,Male,White,Germany,Germany,Germany,German,DATA_EXPIRED,Full-Time
6831ec69ea90689e11f8109f,5ebe6e4a226f3b1c53cd0626,APPROVED,Not Applicable,2025-05-24T15:57:41.229000Z,2025-05-24T16:02:01.750000Z,2025-05-27T05:21:50.789000Z,2025-05-24T16:02:02.191897Z,261.0,C1PE2AUF,2562,"English, German",44,Male,Mixed,Germany,Germany,Germany,German,DATA_EXPIRED,Part-Time
6831ef75667dd1f11664a1da,60fd8d95b59b06d4415c8ccb,APPROVED,Not Applicable,2025-05-24T16:10:34.292000Z,2025-05-24T16:15:01.109000Z,2025-05-27T05:21:51.055000Z,2025-05-24T16:15:01.644274Z,267.0,C1PE2AUF,1274,"English, German, Spanish",30,Male,White,Germany,Germany,Germany,German,DATA_EXPIRED,DATA_EXPIRED
6831f383b1e2e804ed744181,5ef1245c0171104d6d91d627,APPROVED,Not Applicable,2025-05-24T16:27:49.521000Z,2025-05-24T16:34:49.306000Z,2025-05-24T16:35:45.604000Z,2025-05-24T16:34:49.786423Z,420.0,C1PE2AUF,1092,"German, English",31,Male,White,Germany,Germany,Germany,German,No,Part-Time
6831f4049ec8c31762b814c3,63f3a8e08f5324e0846faa59,APPROVED,Not Applicable,2025-05-24T16:29:59.877000Z,2025-05-24T16:36:32.485000Z,2025-05-24T16:36:34.414000Z,2025-05-24T16:36:32.955562Z,393.0,C1PE2AUF,580,"English, German",29,Female,Mixed,Germany,Germany,Germany,German,DATA_EXPIRED,DATA_EXPIRED
683208503ad39cb7bfb641ad,63eb38339e72d01818aeb71b,APPROVED,Not Applicable,2025-05-24T17:56:37.135000Z,2025-05-24T18:00:55.594000Z,2025-05-27T05:21:51.282000Z,2025-05-24T18:00:56.129781Z,259.0,C1PE2AUF,1225,"German, English",36,Male,White,Germany,Germany,Germany,German,No,Full-Time
6832110e48d78d5b031f6236,60fd15295d6b2a3711cafbd2,APPROVED,Not Applicable,2025-05-24T18:33:54.521000Z,2025-05-24T18:38:38.525000Z,2025-05-27T05:21:51.550000Z,2025-05-24T18:38:39.033658Z,285.0,C1PE2AUF,341,"English, German",22,Female,White,Germany,Germany,Germany,German,Yes,Other
683212d192691a8511ff7667,5a042ef2a383a100011b4472,APPROVED,Not Applicable,2025-05-24T18:41:24.434000Z,2025-05-24T18:46:20.931000Z,2025-05-27T05:21:51.818000Z,2025-05-24T18:46:21.429490Z,297.0,C1PE2AUF,684,"English, German",34,Male,White,Germany,Germany,Germany,German,No,Full-Time
683216ec3eff9583cbac4957,634693f87e70324e7a523b6d,APPROVED,Not Applicable,2025-05-24T18:59:01.895000Z,2025-05-24T19:05:04.624000Z,2025-05-24T19:05:05.472000Z,2025-05-24T19:05:05.390771Z,363.0,C1PE2AUF,1265,"English, German",27,Male,Mixed,Germany,Germany,Germany,German,No,Unemployed (and job seeking)
6832286094d810021ea81a30,5e0f4a466887bc6665d54477,APPROVED,Not Applicable,2025-05-24T20:13:34.868000Z,2025-05-24T20:21:34.220000Z,2025-05-24T20:21:34.866000Z,2025-05-24T20:21:34.748955Z,480.0,C1PE2AUF,311,"English, German",24,Female,White,Germany,Germany,Germany,German,DATA_EXPIRED,DATA_EXPIRED
6832607183865299fc89faa3,5f235b5958bf82063d91be7c,APPROVED,Not Applicable,2025-05-25T00:12:36.617000Z,2025-05-25T00:18:00.783000Z,2025-05-25T00:18:01.308000Z,2025-05-25T00:18:01.235830Z,325.0,C1PE2AUF,507,"German, English",35,Male,White,Germany,Germany,Germany,German,DATA_EXPIRED,DATA_EXPIRED
6832a09739dca2cd09f0bf7c,664f39a8dea504e48604117a,APPROVED,Not Applicable,2025-05-25T04:49:23.023000Z,2025-05-25T04:58:03.859000Z,2025-05-25T04:58:04.514000Z,2025-05-25T04:58:04.423174Z,521.0,C1PE2AUF,389,"German, English",54,Female,White,Germany,Germany,Germany,German,No,Full-Time
6832aef439f8c8683bdddc73,63164dbb65545ff9535e15ee,APPROVED,Not Applicable,2025-05-25T05:47:37.230000Z,2025-05-25T05:51:41.884000Z,2025-05-27T05:21:52.085000Z,2025-05-25T05:51:42.367799Z,245.0,C1PE2AUF,376,"German, Danish",36,Female,White,Germany,Germany,Germany,German,DATA_EXPIRED,DATA_EXPIRED
6832b52ac645ec6ec764e803,5c7eabd028ae1a00166b09bb,APPROVED,Not Applicable,2025-05-25T06:14:07.857000Z,2025-05-25T06:20:57.335000Z,2025-05-25T06:20:57.974000Z,2025-05-25T06:20:57.895229Z,410.0,C1PE2AUF,303,German,38,Male,White,Germany,Germany,Germany,German,DATA_EXPIRED,DATA_EXPIRED
6832b904603d44f04677140b,5be30d2451ed78000195c6b6,APPROVED,Not Applicable,2025-05-25T06:30:31.002000Z,2025-05-25T06:36:31.466000Z,2025-05-25T06:36:32.048000Z,2025-05-25T06:36:31.943547Z,361.0,C1PE2AUF,1122,"English, German",29,Male,White,Germany,Germany,Germany,German,No,Full-Time
6832bd4682aa2362bd6a4883,62e95cb1f31ba3691a3ce87c,APPROVED,Not Applicable,2025-05-25T06:48:43.478000Z,2025-05-25T06:55:32.810000Z,2025-05-25T06:55:33.363000Z,2025-05-25T06:55:33.261994Z,410.0,C1PE2AUF,1706,"English, German",36,Male,White,Germany,Germany,Germany,German,DATA_EXPIRED,DATA_EXPIRED
6832c7f472dd9eb81987e11e,616d743c2e8a5ce0050ab850,APPROVED,Not Applicable,2025-05-25T07:34:17.921000Z,2025-05-25T07:42:42.502000Z,2025-05-25T07:42:43.105000Z,2025-05-25T07:42:43.007100Z,505.0,C1PE2AUF,322,"English, Dutch, German",29,Female,White,Germany,Germany,Germany,German,DATA_EXPIRED,DATA_EXPIRED
6832cb4c73ab1ec2186abe1b,62cd76f4e1297b0f56874ffd,APPROVED,Not Applicable,2025-05-25T07:48:31.839000Z,2025-05-25T07:52:50.238000Z,2025-05-27T05:21:52.313000Z,2025-05-25T07:52:50.796570Z,259.0,C1PE2AUF,825,"German, English, Swedish",37,Female,White,Germany,Germany,Germany,German,Yes,Full-Time
6832d87f38b3a0f4e4b26dbf,627d6dfb32131b47c91c4994,APPROVED,Not Applicable,2025-05-25T08:44:52.535000Z,2025-05-25T08:49:55.449000Z,2025-05-25T08:49:59.148000Z,2025-05-25T08:49:55.994705Z,303.0,C1PE2AUF,1103,"Farsi, German, English",39,Male,White,Germany,Germany,Germany,German,DATA_EXPIRED,DATA_EXPIRED
6832df83fc8b75852964503c,61731903be585f00cb6d0afa,APPROVED,Not Applicable,2025-05-25T09:14:47.722000Z,2025-05-25T09:20:32.162000Z,2025-05-25T09:20:32.741000Z,2025-05-25T09:20:32.664637Z,345.0,C1PE2AUF,839,"English, German",27,Female,Mixed,Germany,Germany,Germany,German,Yes,Full-Time
6832e34548d78d5b031f9020,6107d087053bae4b6d7ab1d5,APPROVED,Not Applicable,2025-05-25T09:30:48.249000Z,2025-05-25T09:37:29.540000Z,2025-05-25T09:37:32.417000Z,2025-05-25T09:37:30.051315Z,402.0,C1PE2AUF,84,"English, German",25,Female,White,Germany,Germany,Germany,German,Yes,DATA_EXPIRED
6832e460ea90689e11f83db9,63d6617ac68a290783740c31,APPROVED,Not Applicable,2025-05-25T09:35:31.890000Z,2025-05-25T09:41:42.185000Z,2025-05-25T09:41:43.978000Z,2025-05-25T09:41:42.700304Z,371.0,C1PE2AUF,56,"German, English",34,Male,White,Germany,Germany,Germany,German,DATA_EXPIRED,DATA_EXPIRED
6832efc04b426120874ca74b,60fd8beacd97093e8a48d39f,APPROVED,Not Applicable,2025-05-25T10:24:04.921000Z,2025-05-25T10:29:08.548000Z,2025-05-25T10:29:11.046000Z,2025-05-25T10:29:09.059450Z,304.0,C1PE2AUF,103,"English, German",23,Female,White,Germany,Germany,Germany,German,No,Part-Time
6832f22a0f5fa16b03f41ff7,627cf3dde07d8a0045321d6b,APPROVED,Not Applicable,2025-05-25T10:34:24.051000Z,2025-05-25T10:37:43.384000Z,2025-05-27T05:21:52.580000Z,2025-05-25T10:37:43.897248Z,200.0,C1PE2AUF,229,"English, German",31,Female,White,Germany,Germany,Germany,German,DATA_EXPIRED,DATA_EXPIRED
6832f37ae3f9121735d2774d,6105903e5e19257559b6cc3c,APPROVED,Not Applicable,2025-05-25T10:39:56.950000Z,2025-05-25T10:44:10.057000Z,2025-05-27T05:21:52.819000Z,2025-05-25T10:44:10.529093Z,254.0,C1PE2AUF,1076,"English, German",22,Female,White,Germany,Germany,Germany,German,No,Full-Time
6832f64a0ed3ed8b0b9cb526,615c1d08ea43c07d1178daf6,APPROVED,Not Applicable,2025-05-25T10:51:59.788000Z,2025-05-25T11:00:09.921000Z,2025-05-25T11:00:10.531000Z,2025-05-25T11:00:10.464074Z,491.0,C1PE2AUF,381,"English, German",28,Male,White,Germany,Germany,Germany,German,Yes,Part-Time
6832f81c01401182565c5727,5f3024c0ab23864426d6828c,APPROVED,Not Applicable,2025-05-25T10:59:43.346000Z,2025-05-25T11:07:47.123000Z,2025-05-25T11:07:49.746000Z,2025-05-25T11:07:47.593567Z,484.0,C1PE2AUF,433,"English, German",25,Male,White,Germany,Germany,Germany,German,Yes,Part-Time
6832f9e239166d7ea0606a7e,5f93ebb3f89ab61c90e6a81f,APPROVED,Not Applicable,2025-05-25T11:07:17.313000Z,2025-05-25T11:14:48.043000Z,2025-05-25T11:14:48.662000Z,2025-05-25T11:14:48.583618Z,451.0,C1PE2AUF,618,"German, English",29,Male,White,Germany,Germany,Germany,German,DATA_EXPIRED,Full-Time
68330e1a655022e7b4d618ea,60fec9a2707c2c28ac3af316,RETURNED,Not Applicable,2025-05-25T12:33:34.125000Z,,,2025-05-27T05:22:21.166806Z,,,1085,CONSENT_REVOKED,CONSENT_REVOKED,CONSENT_REVOKED,CONSENT_REVOKED,CONSENT_REVOKED,CONSENT_REVOKED,CONSENT_REVOKED,CONSENT_REVOKED,CONSENT_REVOKED,CONSENT_REVOKED
68330ff1186b89d294784150,5ea5d79c37cb2805c2e6f08e,APPROVED,Not Applicable,2025-05-25T12:41:26.034000Z,2025-05-25T12:47:47.187000Z,2025-05-25T12:47:47.825000Z,2025-05-25T12:47:47.732077Z,382.0,C1PE2AUF,993,"English, German",62,Male,White,Germany,Germany,Germany,German,No,Part-Time
6833174648d78d5b031f9dbd,5f8051b402daee04b8108440,APPROVED,Not Applicable,2025-05-25T13:12:43.003000Z,2025-05-25T13:18:45.612000Z,2025-05-25T13:18:46.172000Z,2025-05-25T13:18:46.090795Z,363.0,C1PE2AUF,2354,"English, German",61,Female,White,Germany,Germany,Germany,German,No,Part-Time
6833222a6e1b5d3b6eea158f,6046ac1161b60d0fc94b0000,APPROVED,Not Applicable,2025-05-25T13:59:10.405000Z,2025-05-25T14:03:13.677000Z,2025-05-27T05:21:53.058000Z,2025-05-25T14:03:14.117213Z,244.0,C1PE2AUF,1278,"German, English",30,Male,White,Germany,Germany,Germany,German,No,Full-Time
683322764fc81b527be7aa7c,62fb7c36ec0d09ab67d5ccb2,APPROVED,Not Applicable,2025-05-25T14:00:25.326000Z,2025-05-25T14:06:38.942000Z,2025-05-25T14:06:39.571000Z,2025-05-25T14:06:39.471971Z,374.0,C1PE2AUF,764,"German, English",37,Male,White,Germany,Germany,Germany,German,No,Full-Time
68332b7dc14bf99bda6c422a,604e43ea58d1b8206e9d85ba,APPROVED,Not Applicable,2025-05-25T14:38:56.137000Z,2025-05-25T14:48:23.338000Z,2025-05-25T14:48:23.942000Z,2025-05-25T14:48:23.836878Z,568.0,C1PE2AUF,451,"English, German",33,Female,White,Germany,Germany,Germany,German,No,Full-Time
68332e866eee6feed0c6a4ae,5d7cf39f4b214700179a11cc,RETURNED,Not Applicable,2025-05-25T14:52:00.203000Z,,,2025-05-27T05:22:21.167509Z,,,50,CONSENT_REVOKED,CONSENT_REVOKED,CONSENT_REVOKED,CONSENT_REVOKED,CONSENT_REVOKED,CONSENT_REVOKED,CONSENT_REVOKED,CONSENT_REVOKED,CONSENT_REVOKED,CONSENT_REVOKED
683330e4a039b34848bd7dc1,60a7896f120b00552e753ca6,APPROVED,Not Applicable,2025-05-25T15:02:00.283000Z,2025-05-25T15:07:44.906000Z,2025-05-25T15:07:45.518000Z,2025-05-25T15:07:45.416555Z,345.0,C1PE2AUF,371,"English, German",31,Male,White,Germany,Germany,Germany,German,Yes,Full-Time
683333119106f528f33dc3ae,6015d2a02ab6d07215f2cc0a,APPROVED,Not Applicable,2025-05-25T15:11:16.145000Z,2025-05-25T15:22:04.804000Z,2025-05-25T15:22:05.477000Z,2025-05-25T15:22:05.372008Z,649.0,C1PE2AUF,340,"English, German",30,Male,White,Germany,Germany,Germany,German,No,Part-Time
6833365d592fcfc2e0c7f1fc,5d0f89123382180001624f48,APPROVED,Not Applicable,2025-05-25T15:25:22.430000Z,2025-05-25T15:33:59.322000Z,2025-05-25T15:33:59.945000Z,2025-05-25T15:33:59.841352Z,517.0,C1PE2AUF,3269,"German, English, Spanish",32,Female,White,Germany,Germany,Germany,German,No,Full-Time
68333efbbc76f08d680cda2e,6322daf7527d926f7a35e888,APPROVED,Not Applicable,2025-05-25T16:02:07.709000Z,2025-05-25T16:04:31.628000Z,2025-05-27T05:21:53.295000Z,2025-05-25T16:04:32.150197Z,144.0,C1PE2AUF,279,"English, German",21,Male,White,Germany,Germany,Germany,German,Yes,Full-Time
683345d5d0b83343b2cecfe1,5fc7e61c64514e08d024b5f4,APPROVED,Not Applicable,2025-05-25T16:31:19.798000Z,2025-05-25T16:38:45.379000Z,2025-05-25T16:38:47.832000Z,2025-05-25T16:38:45.902080Z,446.0,C1PE2AUF,812,"German, English, Chinese",26,Male,Asian,China,Germany,China,German,DATA_EXPIRED,Full-Time
68334847dfacf0626246a565,627be8df969ba21063c8a31f,APPROVED,Not Applicable,2025-05-25T16:41:48.862000Z,2025-05-25T16:47:48.276000Z,2025-05-25T16:47:50.438000Z,2025-05-25T16:47:48.798449Z,360.0,C1PE2AUF,1658,"English, Dutch, French, German",26,Female,White,Germany,Germany,Germany,German,DATA_EXPIRED,DATA_EXPIRED
683350686c709d23f7fcce71,61265e70c72be8c9ebc041b7,APPROVED,Not Applicable,2025-05-25T17:16:28.582000Z,2025-05-25T17:19:59.340000Z,2025-05-27T05:21:53.526000Z,2025-05-25T17:19:59.858393Z,211.0,C1PE2AUF,500,"German, English",31,Male,White,Germany,Germany,Germany,German,DATA_EXPIRED,DATA_EXPIRED
683354b83ea55416300e3ecf,60beb1657520f1e69477a90f,APPROVED,Not Applicable,2025-05-25T17:34:53.900000Z,2025-05-25T17:42:33.658000Z,2025-05-25T17:42:34.261000Z,2025-05-25T17:42:34.165013Z,460.0,C1PE2AUF,777,"English, German",28,Female,White,Germany,Germany,Germany,German,DATA_EXPIRED,DATA_EXPIRED
68335abb1b96a19dc0819d27,63eb8a043a0ad9762fcf6265,APPROVED,Not Applicable,2025-05-25T18:00:33.222000Z,2025-05-25T18:06:45.406000Z,2025-05-25T18:06:48.297000Z,2025-05-25T18:06:45.997594Z,373.0,C1PE2AUF,164,"German, English",29,Female,White,Germany,Germany,Germany,German,DATA_EXPIRED,DATA_EXPIRED
68335d2c5cbce47c8fbade52,62889f5f2dce097503bd491f,APPROVED,Not Applicable,2025-05-25T18:10:56.357000Z,2025-05-25T18:15:28.169000Z,2025-05-27T05:21:53.781000Z,2025-05-25T18:15:28.807176Z,272.0,C1PE2AUF,926,"German, English",44,Female,White,Germany,Germany,Germany,German,No,Full-Time
68335e98ec503325b503ce8f,63d2c20ec51e93a7c7a44ffe,APPROVED,Not Applicable,2025-05-25T18:16:59.415000Z,2025-05-25T18:30:36.287000Z,2025-05-25T18:30:39.982000Z,2025-05-25T18:30:36.822194Z,817.0,C1PE2AUF,972,"German, English, French",32,Male,White,Germany,Germany,Germany,German,Yes,DATA_EXPIRED
683364452269db771def4aed,605c9af44c406dcbcdbea13a,APPROVED,Not Applicable,2025-05-25T18:41:17.098000Z,2025-05-25T18:45:36.150000Z,2025-05-27T05:21:54.084000Z,2025-05-25T18:45:36.683307Z,260.0,C1PE2AUF,1113,"German, English",36,Male,White,Germany,Germany,Germany,German,DATA_EXPIRED,DATA_EXPIRED
68337d65361c4f63e16ad6d1,5e09a01ba2c69625cd2fefb8,APPROVED,Not Applicable,2025-05-25T20:28:23.598000Z,2025-05-25T20:31:02.631000Z,2025-05-27T05:21:54.355000Z,2025-05-25T20:31:03.097589Z,160.0,C1PE2AUF,687,"English, German",28,Male,White,Germany,Germany,Germany,German,No,DATA_EXPIRED
683383a3758250bb798500ef,5c7c45db137b9900166d873f,RETURNED,Not Applicable,2025-05-25T20:55:02.291000Z,,,2025-05-27T05:22:21.166169Z,,,102,CONSENT_REVOKED,CONSENT_REVOKED,CONSENT_REVOKED,CONSENT_REVOKED,CONSENT_REVOKED,CONSENT_REVOKED,CONSENT_REVOKED,CONSENT_REVOKED,CONSENT_REVOKED,CONSENT_REVOKED
683390ba3ab43520066aac51,627c9adcf5e3579f7b45be06,APPROVED,Not Applicable,2025-05-25T21:50:53.286000Z,2025-05-25T21:57:02.174000Z,2025-05-25T21:57:02.855000Z,2025-05-25T21:57:02.704259Z,369.0,C1PE2AUF,415,"English, German",33,Male,White,Germany,Germany,Germany,German,DATA_EXPIRED,DATA_EXPIRED
68339138f72dffae8c558232,5d2ce26bc5b83a0001b8154f,APPROVED,Not Applicable,2025-05-25T21:53:00.232000Z,2025-05-25T22:00:52.153000Z,2025-05-25T22:00:52.705000Z,2025-05-25T22:00:52.625593Z,472.0,C1PE2AUF,1178,"English, French, German, Spanish",30,Female,White,Germany,Germany,Germany,German,DATA_EXPIRED,DATA_EXPIRED
6833953bec0c87e7ac900664,5f3d0a83cc5271befc3a3e44,APPROVED,Not Applicable,2025-05-25T22:10:07.496000Z,2025-05-25T22:15:38.953000Z,2025-05-25T22:15:40.946000Z,2025-05-25T22:15:39.476890Z,332.0,C1PE2AUF,198,"English, German",24,Male,Asian,Germany,Germany,Germany,German,DATA_EXPIRED,DATA_EXPIRED
6834013010f2aad53e1e6de5,5adee34309eae2000112f3ec,APPROVED,Not Applicable,2025-05-26T05:50:44.040000Z,2025-05-26T05:57:36.004000Z,2025-05-26T05:57:36.638000Z,2025-05-26T05:57:36.554059Z,412.0,C1PE2AUF,2052,"English, German",45,Female,White,Germany,Germany,Germany,German,No,Full-Time
6834083ed885b9af0557eace,637f8378bdb4a393482f4ff3,APPROVED,Not Applicable,2025-05-26T06:20:51.691000Z,2025-05-26T06:25:09.084000Z,2025-05-27T05:21:54.713000Z,2025-05-26T06:25:09.636891Z,258.0,C1PE2AUF,365,"English, German",23,Female,White,Germany,Germany,Germany,German,DATA_EXPIRED,DATA_EXPIRED
68340e85d0685a0c983a299d,60c0aea65665027a81adbf9a,APPROVED,Not Applicable,2025-05-26T06:47:36.802000Z,2025-05-26T06:50:37.806000Z,2025-05-27T05:21:54.998000Z,2025-05-26T06:50:38.276058Z,182.0,C1PE2AUF,733,"English, German",37,Male,White,Germany,Germany,Germany,German,No,Full-Time
683414aa7a103e5ba8bf82ec,5e94aa8e11d9b92eff5f1a16,APPROVED,Not Applicable,2025-05-26T07:13:50.542000Z,2025-05-26T07:18:43.116000Z,2025-05-27T05:21:55.233000Z,2025-05-26T07:18:44.319894Z,293.0,C1PE2AUF,1490,"German, Polish, English",30,Male,White,Germany,Germany,Germany,German,DATA_EXPIRED,DATA_EXPIRED
6834201ae9904219ce19f52c,63e3c5ff4e607f748ec063fd,APPROVED,Not Applicable,2025-05-26T08:02:39.949000Z,2025-05-26T08:13:03.528000Z,2025-05-26T08:13:04.153000Z,2025-05-26T08:13:04.005799Z,624.0,C1PE2AUF,402,"English, German",21,Male,White,Germany,Germany,Germany,German,DATA_EXPIRED,DATA_EXPIRED
68342658bf681f50aec2e575,610a5892a105bb23bf1e3400,APPROVED,Not Applicable,2025-05-26T08:29:16.317000Z,2025-05-26T08:34:55.465000Z,2025-05-26T08:34:57.277000Z,2025-05-26T08:34:56.015961Z,340.0,C1PE2AUF,167,"English, German",25,Male,White,Germany,Germany,Germany,German,DATA_EXPIRED,DATA_EXPIRED
683426c45a78d4c2c07424ce,60fd482a4ce245bdae721733,APPROVED,Not Applicable,2025-05-26T08:31:09.496000Z,2025-05-26T08:38:04.580000Z,2025-05-26T08:38:05.131000Z,2025-05-26T08:38:05.043109Z,416.0,C1PE2AUF,188,"German, English",25,Female,White,Germany,Germany,Germany,German,Yes,DATA_EXPIRED
68342925fe44f37bb42b58fc,6106dc36cf67e7fa7a8683d9,APPROVED,Not Applicable,2025-05-26T08:41:12.974000Z,2025-05-26T08:48:15.039000Z,2025-05-26T08:48:15.767000Z,2025-05-26T08:48:15.569616Z,423.0,C1PE2AUF,125,"German, English",23,Female,White,Germany,Germany,Germany,German,Yes,Part-Time
68342ec3e6bee25e04b50269,616f597456d6468811c88fd6,APPROVED,Not Applicable,2025-05-26T09:05:12.312000Z,2025-05-26T09:09:48.820000Z,2025-05-27T05:21:55.469000Z,2025-05-26T09:09:49.338484Z,277.0,C1PE2AUF,388,"German, English",29,Female,White,Germany,Germany,Germany,German,No,Part-Time
68343f74df34dcbfcea32440,5daed081ff30f700156bc732,AWAITING REVIEW,Not Applicable,2025-05-26T10:16:23.937000Z,2025-05-26T10:32:47.035000Z,,2025-05-26T10:32:47.563337Z,984.0,NOCODE,1120,"Danish, English, French, German, Norwegian, Swedish",39,Male,White,Germany,Germany,Germany,German,DATA_EXPIRED,DATA_EXPIRED
6834426b7c24586f89c5f261,615c5c448b32a4a0ce81e2b4,APPROVED,Not Applicable,2025-05-26T10:29:03.418000Z,2025-05-26T10:32:05.352000Z,2025-05-27T05:21:55.702000Z,2025-05-26T10:32:05.873322Z,182.0,C1PE2AUF,638,"Arabic, English, German, Other",30,Female,White,Morocco,Germany,Germany,German,DATA_EXPIRED,DATA_EXPIRED
683446dbfbbc452c386011fc,633be00805d21dbb64ab889a,RETURNED,Not Applicable,2025-05-26T10:48:01.376000Z,,,2025-05-27T05:22:21.168660Z,,,1121,CONSENT_REVOKED,CONSENT_REVOKED,CONSENT_REVOKED,CONSENT_REVOKED,CONSENT_REVOKED,CONSENT_REVOKED,CONSENT_REVOKED,CONSENT_REVOKED,CONSENT_REVOKED,CONSENT_REVOKED
6834478d6c307ca79fa6bad9,6107ab75c50cfb94fb523279,APPROVED,Not Applicable,2025-05-26T10:50:57.259000Z,2025-05-26T10:55:14.162000Z,2025-05-27T05:21:55.934000Z,2025-05-26T10:55:14.702114Z,257.0,C1PE2AUF,1076,"English, German",46,Male,White,Germany,Germany,Germany,German,DATA_EXPIRED,DATA_EXPIRED
68344ff984e4f4b4fde274ab,5f760113edfdcc0281aa2367,APPROVED,Not Applicable,2025-05-26T11:26:53.465000Z,2025-05-26T11:31:46.021000Z,2025-05-27T05:21:56.163000Z,2025-05-26T11:31:46.499237Z,293.0,C1PE2AUF,122,"German, English",25,Male,White,Germany,Germany,Germany,German,Yes,DATA_EXPIRED
6834573c6796331f47572874,5eaa9e5c2fa710026b8d7f1d,APPROVED,Not Applicable,2025-05-26T11:57:51.424000Z,2025-05-26T12:03:21.636000Z,2025-05-26T12:03:22.281000Z,2025-05-26T12:03:22.176077Z,331.0,C1PE2AUF,324,"English, German",30,Female,White,Germany,Germany,Germany,German,DATA_EXPIRED,DATA_EXPIRED
68345cfe22b52308fd6a9890,60fd631361c09bf15b2ef97d,APPROVED,Not Applicable,2025-05-26T12:22:27.048000Z,2025-05-26T12:30:35.494000Z,2025-05-26T12:30:36.130000Z,2025-05-26T12:30:36.002855Z,489.0,C1PE2AUF,286,"English, German",23,Female,White,Germany,Germany,Germany,German,DATA_EXPIRED,DATA_EXPIRED
68345d9be7522495d8511a98,610286f9a53ba7a10afdf68c,APPROVED,Not Applicable,2025-05-26T12:25:12.611000Z,2025-05-26T12:32:32.506000Z,2025-05-26T12:32:33.254000Z,2025-05-26T12:32:33.047231Z,440.0,C1PE2AUF,414,"German, English",33,Male,White,Germany,Germany,Germany,German,DATA_EXPIRED,DATA_EXPIRED
68346a60b22ac56963baeb9a,63c563c2366300ab60f1f0d1,APPROVED,Not Applicable,2025-05-26T13:19:32.749000Z,2025-05-26T13:23:53.528000Z,2025-05-27T05:21:56.385000Z,2025-05-26T13:23:54.091763Z,261.0,C1PE2AUF,176,"German, English",23,Male,White,Russian Federation,Germany,Germany,German,DATA_EXPIRED,DATA_EXPIRED
68346aaea71c169be4f27f0e,6092642b784df41a26da6d17,APPROVED,Not Applicable,2025-05-26T13:20:51.858000Z,2025-05-26T13:26:53.295000Z,2025-05-26T13:26:53.843000Z,2025-05-26T13:26:53.762423Z,362.0,C1PE2AUF,264,"English, German",40,Male,White,Germany,Germany,Germany,German,No,Full-Time
68346b7536f86d1dd2bd4c41,5ea8286db500e122d8c9a19c,APPROVED,Not Applicable,2025-05-26T13:24:09.717000Z,2025-05-26T13:30:22.508000Z,2025-05-26T13:30:24.583000Z,2025-05-26T13:30:23.028861Z,373.0,C1PE2AUF,878,"English, German",27,Female,White,Germany,Germany,Germany,German,DATA_EXPIRED,DATA_EXPIRED
683474850ed3ed8b0b9d262a,637ff4756896372c56075c5a,APPROVED,Not Applicable,2025-05-26T14:02:45.083000Z,2025-05-26T14:08:37.558000Z,2025-05-26T14:08:39.842000Z,2025-05-26T14:08:38.072642Z,353.0,C1PE2AUF,103,"English, German, Spanish",24,Male,White,Germany,Germany,Germany,German,Yes,Part-Time
68347993cd62a73fc0d689f1,63cf8959b4e48b3ba477c70e,APPROVED,Not Applicable,2025-05-26T14:24:27.673000Z,2025-05-26T14:31:20.839000Z,2025-05-26T14:31:21.521000Z,2025-05-26T14:31:21.420788Z,414.0,C1PE2AUF,119,"German, English",32,Male,White,Germany,Germany,Germany,German,No,Full-Time
68347c8736a893035ab28cc1,601b1acc67409b421d50f9bc,APPROVED,Not Applicable,2025-05-26T14:37:03.837000Z,2025-05-26T14:44:01.930000Z,2025-05-26T14:44:23.423000Z,2025-05-26T14:44:02.457391Z,419.0,C1PE2AUF,88,"German, English",26,Male,White,Germany,Germany,Germany,German,DATA_EXPIRED,DATA_EXPIRED
68348482252a0ed212b6877f,62c421aabe8e7f5384422396,APPROVED,Not Applicable,2025-05-26T15:11:01.213000Z,2025-05-26T15:14:47.116000Z,2025-05-27T05:21:56.597000Z,2025-05-26T15:14:47.670043Z,226.0,C1PE2AUF,369,"English, German",28,Male,White,Germany,Germany,Germany,German,DATA_EXPIRED,DATA_EXPIRED
68348778a924effe3bbeca65,5cddd8482f24b70018d1a57d,APPROVED,Not Applicable,2025-05-26T15:23:40.905000Z,2025-05-26T15:28:48.783000Z,2025-05-26T15:28:49.426000Z,2025-05-26T15:28:49.342792Z,308.0,C1PE2AUF,592,German,35,Female,White,Germany,Germany,Germany,German,DATA_EXPIRED,DATA_EXPIRED
68348a560418fb10dabd6979,5aad4225811b2000016f6ed1,APPROVED,Not Applicable,2025-05-26T15:35:54.597000Z,2025-05-26T15:42:03.289000Z,2025-05-26T15:42:03.996000Z,2025-05-26T15:42:03.911070Z,369.0,C1PE2AUF,1659,"German, English",36,Male,White,Germany,Germany,Germany,German,No,Full-Time
6834919351a1fc9080d5727c,57500cc3508a0c00072a4a71,APPROVED,Not Applicable,2025-05-26T16:06:47.093000Z,2025-05-26T16:17:54.386000Z,2025-05-26T16:17:54.999000Z,2025-05-26T16:17:54.885279Z,668.0,C1PE2AUF,1029,"German, English",30,Male,White,Germany,Germany,Germany,German,No,Full-Time
68349b5862647a3bcac6fa3a,5b5eeeeb233c3b0001c4a5e2,APPROVED,Not Applicable,2025-05-26T16:48:27.906000Z,2025-05-26T16:54:41.093000Z,2025-05-26T16:54:43.405000Z,2025-05-26T16:54:41.636379Z,374.0,C1PE2AUF,623,"German, English",30,Male,White,Germany,Germany,Germany,German,No,Full-Time
6834a053433fadee59dd1f80,6402936b73dc34102766e076,APPROVED,Not Applicable,2025-05-26T17:09:41.974000Z,2025-05-26T17:13:45.198000Z,2025-05-27T05:21:56.856000Z,2025-05-26T17:13:45.728035Z,244.0,C1PE2AUF,383,"English, German",21,Male,White,Germany,Germany,Germany,German,DATA_EXPIRED,Unemployed (and job seeking)
6834a09262682b33a6675e99,611545f6cbea465a630c5d58,APPROVED,Not Applicable,2025-05-26T17:10:50.975000Z,2025-05-26T17:17:45.353000Z,2025-05-26T17:17:45.955000Z,2025-05-26T17:17:45.859990Z,415.0,C1PE2AUF,538,"English, French, German",22,Female,White,Germany,Germany,Germany,German,Yes,Part-Time
6834a4adfccb10cc53959925,627bc3295402b3d864eeaf18,APPROVED,Not Applicable,2025-05-26T17:28:17.196000Z,2025-05-26T17:32:29.403000Z,2025-05-27T05:21:57.091000Z,2025-05-26T17:32:29.935959Z,253.0,C1PE2AUF,640,"English, German",28,Female,White,Germany,Germany,Germany,German,Yes,Part-Time
6834b2bcccf6e82581770bee,6321c865695c51c059d12466,APPROVED,Not Applicable,2025-05-26T18:28:16.190000Z,2025-05-26T18:32:48.745000Z,2025-05-27T05:21:57.310000Z,2025-05-26T18:32:49.254567Z,273.0,C1PE2AUF,350,"English, German",30,Male,White,Germany,Germany,Germany,German,Yes,Unemployed (and job seeking)
6834b65a5113a15b25c50f13,5ee109bf0173420dde18a960,APPROVED,Not Applicable,2025-05-26T18:43:44.038000Z,2025-05-26T18:52:31.268000Z,2025-05-26T18:52:34.161000Z,2025-05-26T18:52:31.766483Z,528.0,C1PE2AUF,1355,"German, English, Italian",35,Female,White,Germany,Germany,Germany,German,DATA_EXPIRED,DATA_EXPIRED
6834d3e2f009d27665140186,63f96a371bb85d609a6a9c2c,APPROVED,Not Applicable,2025-05-26T20:49:41.959000Z,2025-05-26T20:54:33.220000Z,2025-05-27T05:21:57.532000Z,2025-05-26T20:54:33.739497Z,292.0,C1PE2AUF,444,"English, German",23,Female,White,Germany,Germany,Germany,German,DATA_EXPIRED,DATA_EXPIRED
6834d491f109222134738185,60fca8c2feed564e3039aeaf,APPROVED,Not Applicable,2025-05-26T20:52:37.555000Z,2025-05-26T20:56:48.283000Z,2025-05-27T05:21:57.778000Z,2025-05-26T20:56:48.781041Z,251.0,C1PE2AUF,822,"English, German, Russian",23,Female,White,Germany,Germany,Germany,German,Yes,Part-Time
6834edf71dc6def5216c08e7,5ec7ce2dd402d6256c260e0d,APPROVED,Not Applicable,2025-05-26T22:41:00.461000Z,2025-05-26T22:52:18.474000Z,2025-05-26T22:52:19.022000Z,2025-05-26T22:52:18.931093Z,679.0,C1PE2AUF,330,"English, German, Spanish",30,Male,White,Germany,Germany,Germany,German,Yes,Part-Time
683573780223126751ebcd0f,5eeb64bbb1751706bf987b8f,APPROVED,Not Applicable,2025-05-27T08:10:34.055000Z,2025-05-27T08:19:10.347000Z,2025-05-27T08:19:13.705000Z,2025-05-27T08:19:10.961787Z,517.0,C1PE2AUF,353,"German, English",35,Male,White,Germany,Germany,Germany,German,DATA_EXPIRED,DATA_EXPIRED
683578834c08fca8e2fafe3b,5f0aff0e9e00bc00089af644,APPROVED,Not Applicable,2025-05-27T08:32:38.997000Z,2025-05-27T08:38:17.148000Z,2025-05-27T08:38:17.742000Z,2025-05-27T08:38:17.660266Z,339.0,C1PE2AUF,387,"English, German",55,Male,White,Germany,Germany,Germany,German,DATA_EXPIRED,DATA_EXPIRED
68357dd842aefa954d9617ad,5fab152e756a6a5cd41c26db,AWAITING REVIEW,Not Applicable,2025-05-27T08:54:52.653000Z,2025-05-27T08:58:47.703000Z,,2025-05-27T08:58:48.216418Z,236.0,C1PE2AUF,981,"English, German, Russian",27,Female,White,Germany,Germany,Germany,German,No,Full-Time
68357de81a9a72a8404893f5,5e546097e6f136471dfeb818,APPROVED,Not Applicable,2025-05-27T08:55:10.392000Z,2025-05-27T09:02:20.523000Z,2025-05-27T09:02:21.126000Z,2025-05-27T09:02:21.029358Z,431.0,C1PE2AUF,420,"Greek, English, German",24,Male,White,Germany,Germany,Germany,German,Yes,DATA_EXPIRED
68358bc9fd4e04812c60aaf2,6060dc354e4fcd8373c1380b,APPROVED,Not Applicable,2025-05-27T09:54:20.747000Z,2025-05-27T10:03:50.506000Z,2025-05-27T10:03:51.160000Z,2025-05-27T10:03:51.058906Z,570.0,C1PE2AUF,1449,German,30,Male,White,Germany,Germany,Germany,German,DATA_EXPIRED,DATA_EXPIRED
68358e20c74ce6072f2e93e4,62c42bc55a95f076e267d2b2,APPROVED,Not Applicable,2025-05-27T10:04:19.280000Z,2025-05-27T10:10:23.419000Z,2025-05-27T10:10:24.023000Z,2025-05-27T10:10:23.904893Z,365.0,C1PE2AUF,429,"German, English, Russian",25,Male,White,Germany,Germany,Germany,German,No,Full-Time
68358eb3f8965ccce20138b1,60e80eac448c1761ce03dc27,APPROVED,Not Applicable,2025-05-27T10:06:47.642000Z,2025-05-27T10:15:39.283000Z,2025-05-27T10:15:40.717000Z,2025-05-27T10:15:39.783630Z,532.0,C1PE2AUF,523,"German, English",35,Male,White,Germany,Germany,Germany,German,No,Part-Time
6835a1390e6916e65b01c52a,5ed926f79e6b4a4844f80002,APPROVED,Not Applicable,2025-05-27T11:26:00.951000Z,2025-05-27T11:31:35.144000Z,2025-05-27T11:31:35.817000Z,2025-05-27T11:31:35.703312Z,335.0,C1PE2AUF,154,"English, German",39,Male,White,Germany,Germany,Germany,German,No,Part-Time
6835a1eaed64615a224ef2af,610bb674df133ae257897d2b,APPROVED,Not Applicable,2025-05-27T11:29:32.660000Z,2025-05-27T11:38:09.251000Z,2025-05-27T11:38:09.915000Z,2025-05-27T11:38:10.027966Z,517.0,C1PE2AUF,977,"English, German",28,Female,White,Germany,Germany,Germany,German,No,Part-Time
6835a39e6c3eb3de386f695e,5b0564479649530001a3946c,AWAITING REVIEW,Not Applicable,2025-05-27T11:36:04.022000Z,2025-05-27T11:40:39.363000Z,,2025-05-27T11:40:39.824343Z,276.0,C1PE2AUF,312,"English, German",36,Female,White,Germany,Germany,Germany,German,No,DATA_EXPIRED
6835a981bf09c371ba4958d7,5f043638a25b7766bcb7a895,APPROVED,Not Applicable,2025-05-27T12:01:10.196000Z,2025-05-27T12:07:06.026000Z,2025-05-27T12:07:06.609000Z,2025-05-27T12:07:06.505396Z,356.0,C1PE2AUF,527,"English, German",41,Male,White,Germany,Germany,Germany,German,No,Full-Time
6835af8d93fdb54abda4e359,5fb268d6a2f41e835bc0c276,APPROVED,Not Applicable,2025-05-27T12:26:56.692000Z,2025-05-27T12:36:21.850000Z,2025-05-27T12:36:24.836000Z,2025-05-27T12:36:22.297649Z,566.0,C1PE2AUF,532,German,60,Female,White,Germany,Germany,Germany,German,DATA_EXPIRED,DATA_EXPIRED
6835b11b52be23fa4a31b54e,60fcfd92cb866f3ddc6dd02e,APPROVED,Not Applicable,2025-05-27T12:33:36.550000Z,2025-05-27T12:41:52.209000Z,2025-05-27T12:41:52.855000Z,2025-05-27T12:41:52.746142Z,496.0,C1PE2AUF,173,"English, German",24,Female,White,Germany,Germany,Germany,German,Yes,Other
6835b1f2926b97925ad4aebf,5f5494aa76d6147f7ca89533,APPROVED,Not Applicable,2025-05-27T12:37:10.319000Z,2025-05-27T12:44:51.140000Z,2025-05-27T12:44:51.729000Z,2025-05-27T12:44:51.628831Z,461.0,C1PE2AUF,2457,"English, German",35,Male,White,Germany,Germany,Germany,German,No,Full-Time
6835b37fc9ee9436144e6a4f,5c258d9a3217420001e6bdf4,AWAITING REVIEW,Not Applicable,2025-05-27T12:43:47.273000Z,2025-05-27T12:47:53.440000Z,,2025-05-27T12:47:54.022903Z,247.0,C1PE2AUF,1179,"German, English",41,Male,White,Germany,Germany,Germany,German,Yes,Unemployed (and job seeking)
6835b455ac31b63432d935fc,61388bc3bfe7742cd25a167c,APPROVED,Not Applicable,2025-05-27T12:47:23.545000Z,2025-05-27T12:55:37.738000Z,2025-05-27T12:55:38.454000Z,2025-05-27T12:55:38.341004Z,495.0,C1PE2AUF,63,"English, German",29,Male,White,Germany,Germany,Germany,German,No,Full-Time
6835baab6925d074ef6e3015,5d741e4db0b210001a7a737b,APPROVED,Not Applicable,2025-05-27T13:14:19.195000Z,2025-05-27T13:19:47.294000Z,2025-05-27T13:19:47.980000Z,2025-05-27T13:19:47.862198Z,329.0,C1PE2AUF,1200,"English, German",41,Male,White,Germany,Germany,Germany,German,DATA_EXPIRED,DATA_EXPIRED
6835cdcb06db1760f483eb87,5b7357316a0df200019ce78b,APPROVED,Not Applicable,2025-05-27T14:35:59.305000Z,2025-05-27T14:57:38.728000Z,2025-05-27T14:57:39.528000Z,2025-05-27T14:57:39.276729Z,1300.0,C1PE2AUF,416,"English, German",36,Female,White,Germany,Germany,Germany,German,DATA_EXPIRED,Part-Time
6835d50eb9b98c1989665b0f,62c5c6342a3b67d9e5c83989,AWAITING REVIEW,Not Applicable,2025-05-27T15:06:57.843000Z,2025-05-27T15:11:00.372000Z,,2025-05-27T15:11:00.991892Z,243.0,C1PE2AUF,506,"English, German, Spanish",25,Female,White,Germany,Germany,Germany,German,Yes,DATA_EXPIRED
6835d5d39821fde6819ec5be,5cc86317cebd350001f67ed8,APPROVED,Not Applicable,2025-05-27T15:10:21.915000Z,2025-05-27T15:19:54.708000Z,2025-05-27T15:19:55.587000Z,2025-05-27T15:19:55.283021Z,573.0,C1PE2AUF,515,"German, English",49,Female,White,Germany,Germany,Germany,German,DATA_EXPIRED,DATA_EXPIRED
6835dbb9b16cd2dbef87822c,6047a1ebd7eb2504348db25d,APPROVED,Not Applicable,2025-05-27T15:35:27.275000Z,2025-05-27T15:49:46.903000Z,2025-05-27T15:49:47.523000Z,2025-05-27T15:49:47.399035Z,860.0,C1PE2AUF,424,"German, English, Albanian",23,Male,Mixed,Germany,Germany,Germany,German,DATA_EXPIRED,DATA_EXPIRED
6835f06e9821fde6819ecf9e,627e7906b82dabdbe672cdd1,APPROVED,Not Applicable,2025-05-27T17:03:48.060000Z,2025-05-27T17:09:46.968000Z,2025-05-27T17:12:17.867000Z,2025-05-27T17:09:47.494973Z,359.0,C1PE2AUF,1341,"English, Danish, German",69,Male,White,Germany,Germany,Germany,German,DATA_EXPIRED,DATA_EXPIRED
6835fd246845d7aa2f9a54fb,5ea473b8f3be31098fce8760,APPROVED,Not Applicable,2025-05-27T17:57:59.910000Z,2025-05-27T18:05:45.296000Z,2025-05-27T18:05:46.795000Z,2025-05-27T18:05:45.804339Z,466.0,C1PE2AUF,826,"English, German",43,Female,White,Germany,Germany,Germany,German,DATA_EXPIRED,Full-Time
6835fd8fecb1625d9016dad0,5c670cbdd97f440001bdc585,AWAITING REVIEW,Not Applicable,2025-05-27T17:59:47.086000Z,2025-05-27T18:03:59.196000Z,,2025-05-27T18:03:59.781964Z,253.0,C1PE2AUF,113,"English, German",27,Male,White,Germany,Germany,Germany,German,No,Full-Time
68360b5e60eac7de2898494f,60fd8acdb99f6ccb0e5fc82c,APPROVED,Not Applicable,2025-05-27T18:58:46.443000Z,2025-05-27T19:03:53.781000Z,2025-05-27T19:03:54.799000Z,2025-05-27T19:03:54.681552Z,308.0,C1PE2AUF,166,"English, German",23,Female,White,Germany,Germany,Germany,German,Yes,Unemployed (and job seeking)
6836469dad55da4bc3c2dddd,5e9d8532b97f2205a0979113,APPROVED,Not Applicable,2025-05-27T23:11:28.374000Z,2025-05-27T23:17:53.886000Z,2025-05-27T23:17:56.054000Z,2025-05-27T23:17:54.401581Z,386.0,C1PE2AUF,214,"English, German",39,Male,White,Germany,Germany,Germany,German,No,"Not in paid work (e.g. homemaker', 'retired or disabled)"
68369e435f1bda1d47808176,63b6f0ec1dce597752d4f53e,APPROVED,Not Applicable,2025-05-28T05:25:32.287000Z,2025-05-28T05:34:46.417000Z,2025-05-28T05:34:47.066000Z,2025-05-28T05:34:46.951975Z,555.0,C1PE2AUF,129,"English, German, French, Other",34,Male,White,Germany,Germany,Germany,German,No,Full-Time
6836b4c32a991d08926b663a,6304a2502fbdd7626ed9c2ac,AWAITING REVIEW,Not Applicable,2025-05-28T07:01:25.635000Z,2025-05-28T07:05:35.263000Z,,2025-05-28T07:05:35.803605Z,250.0,C1PE2AUF,1087,"German, English, Spanish",25,Male,White,Germany,Germany,Germany,German,DATA_EXPIRED,DATA_EXPIRED
6836c2282b7c1bf8fee7469f,5de6af7a047da3625e97b7c0,APPROVED,Not Applicable,2025-05-28T07:58:36.791000Z,2025-05-28T08:04:16.267000Z,2025-05-28T08:04:16.888000Z,2025-05-28T08:04:16.785282Z,340.0,C1PE2AUF,531,"German, English, Spanish",27,Male,White,Germany,Germany,Germany,German,DATA_EXPIRED,DATA_EXPIRED
6836cea0aec50491f24eca08,63eb8e763c296565f0301191,AWAITING REVIEW,Not Applicable,2025-05-28T08:52:00.121000Z,2025-05-28T08:56:17.356000Z,,2025-05-28T08:56:17.916806Z,258.0,C1PE2AUF,303,"English, German",33,Female,White,Germany,Germany,Germany,German,No,Full-Time
6836d103448988b36aa7eb64,61053c70d6b67466ca227dd5,APPROVED,Not Applicable,2025-05-28T09:01:57.658000Z,2025-05-28T09:09:10.149000Z,2025-05-28T09:09:10.775000Z,2025-05-28T09:09:10.680784Z,433.0,C1PE2AUF,240,"German, English",24,Female,White,Germany,Germany,Germany,German,Yes,Other
6836d9a98413c8fe35a39c5e,5eaa5f695161e21f0cc17dd8,APPROVED,Not Applicable,2025-05-28T09:38:54.191000Z,2025-05-28T09:44:08.599000Z,2025-05-28T09:44:09.232000Z,2025-05-28T09:44:09.146546Z,315.0,C1PE2AUF,586,"English, German",29,Male,White,Australia,Germany,Germany,German,DATA_EXPIRED,DATA_EXPIRED
6836e6ef628cd9cd502f2fe8,610d18cd5a22d653d9c567fb,AWAITING REVIEW,Not Applicable,2025-05-28T10:35:31.771000Z,2025-05-28T10:40:19.353000Z,,2025-05-28T10:40:19.886918Z,288.0,C1PE2AUF,242,"English, German, Dutch",39,Male,White,Germany,Germany,Germany,German,DATA_EXPIRED,DATA_EXPIRED
6836ed2e40cc50b27d3b8f0d,60be29be5264e6ed7ff6126b,AWAITING REVIEW,Not Applicable,2025-05-28T11:02:11.208000Z,2025-05-28T11:05:19.965000Z,,2025-05-28T11:05:20.520776Z,189.0,C1PE2AUF,1308,"English, German, French, Latvian, Russian",34,Male,White,Germany,Germany,Germany,German,Yes,DATA_EXPIRED
6836fddc840563207981b8d7,62ed054b4bf00da20ea22dc2,APPROVED,Not Applicable,2025-05-28T12:13:20.001000Z,2025-05-28T12:18:39.070000Z,2025-05-28T12:18:40.405000Z,2025-05-28T12:18:39.570539Z,320.0,C1PE2AUF,955,"German, English",25,Male,White,Germany,Germany,Germany,German,DATA_EXPIRED,DATA_EXPIRED
68370a8d9d16ed7942af67bc,5f13f256baf130414012e9fb,APPROVED,Not Applicable,2025-05-28T13:07:31.929000Z,2025-05-28T13:13:13.625000Z,2025-05-28T13:13:14.270000Z,2025-05-28T13:13:14.193357Z,342.0,C1PE2AUF,364,"German, English",22,Male,White,Germany,Germany,Germany,German,Yes,Unemployed (and job seeking)
68370b82b8881d9671f8c1f4,63deb91fed937fd1bd573df7,APPROVED,Not Applicable,2025-05-28T13:11:33.715000Z,2025-05-28T13:17:19.752000Z,2025-05-28T13:17:20.458000Z,2025-05-28T13:17:20.348234Z,347.0,C1PE2AUF,536,"German, English",26,Male,White,Germany,Germany,Germany,German,No,Full-Time
683722bf35ed6f508354cd0b,63bd9467ea3c9a7021048289,APPROVED,Not Applicable,2025-05-28T14:50:55.140000Z,2025-05-28T15:04:20.240000Z,2025-05-28T15:04:20.975000Z,2025-05-28T15:04:20.820333Z,806.0,C1PE2AUF,594,"German, English",27,Female,White,Germany,Germany,Germany,German,DATA_EXPIRED,Part-Time
68372e277fb859291e02a774,627bbf61f416d87703e62ba5,APPROVED,Not Applicable,2025-05-28T15:39:19.397000Z,2025-05-28T15:45:04.109000Z,2025-05-28T15:45:04.914000Z,2025-05-28T15:45:04.808922Z,345.0,C1PE2AUF,247,"English, German",29,Female,White,Germany,Germany,Germany,German,DATA_EXPIRED,DATA_EXPIRED
6837346a4e44cc4463dbcc09,60d9f92a3ab2c6b92797e8fc,APPROVED,Not Applicable,2025-05-28T16:06:09.150000Z,2025-05-28T16:16:30.316000Z,2025-05-28T16:16:32.963000Z,2025-05-28T16:16:30.839373Z,622.0,C1PE2AUF,168,"English, German",24,Male,White,Germany,Germany,Germany,German,DATA_EXPIRED,DATA_EXPIRED
68373dd55538955366c3a6a8,5e68c5fb459990000d689f0b,APPROVED,Not Applicable,2025-05-28T16:46:24.473000Z,2025-05-28T17:06:09.524000Z,2025-05-28T17:06:10.138000Z,2025-05-28T17:06:10.047999Z,1186.0,C1PE2AUF,271,"German, English",59,Female,White,Germany,Germany,Germany,German,No,Full-Time
68374b346f79f976d5b316cc,60abc3403e12133c30deb41f,AWAITING REVIEW,Not Applicable,2025-05-28T17:43:20.120000Z,2025-05-28T17:47:40.845000Z,,2025-05-28T17:47:41.420797Z,261.0,C1PE2AUF,427,"English, Dutch, German",29,Male,White,Germany,Germany,Germany,German,Yes,Part-Time
683759f65caf4e4f86be5a3b,60fd2caccef1bca1241c92b9,APPROVED,Not Applicable,2025-05-28T18:46:18.292000Z,2025-05-28T18:51:29.112000Z,2025-05-28T18:51:29.652000Z,2025-05-28T18:51:29.565716Z,311.0,C1PE2AUF,412,"English, German",30,Female,White,Germany,Germany,Germany,German,DATA_EXPIRED,DATA_EXPIRED
6837619c380d8f49d19dbaa6,5a0acda16e1ea9000124e675,AWAITING REVIEW,Not Applicable,2025-05-28T19:19:15.599000Z,2025-05-28T19:23:23.506000Z,,2025-05-28T19:23:24.002643Z,248.0,C1PE2AUF,546,"English, German",29,Female,White,Germany,Germany,Germany,German,No,Full-Time
6837ed74ec960fa3444b2722,6156c03beb47b00976ab809f,APPROVED,Not Applicable,2025-05-29T05:23:16.290000Z,2025-05-29T05:32:52.949000Z,2025-05-29T05:32:56.621000Z,2025-05-29T05:32:53.480327Z,577.0,C1PE2AUF,1645,"English, German",44,Female,White,Germany,Germany,Germany,German,DATA_EXPIRED,DATA_EXPIRED
68382214fa86d9b624ceb9cf,60fd19cdc2dbc280e7df6d0c,APPROVED,Not Applicable,2025-05-29T09:00:08.648000Z,2025-05-29T09:05:18.661000Z,2025-05-29T09:05:19.281000Z,2025-05-29T09:05:19.852025Z,311.0,C1PE2AUF,802,"English, German, French",25,Female,White,Germany,Germany,Germany,German,Yes,Part-Time
68382f6fdb2809c07509afed,63bdac1ed091b0631c639502,AWAITING REVIEW,Not Applicable,2025-05-29T09:57:05.740000Z,2025-05-29T10:00:57.151000Z,,2025-05-29T10:00:57.697167Z,232.0,C1PE2AUF,291,German,31,Female,White,Germany,Germany,Germany,German,DATA_EXPIRED,DATA_EXPIRED
683849ec4004f309c11857b8,60be372e1d7a69feac079c75,APPROVED,Not Applicable,2025-05-29T11:50:07.238000Z,2025-05-29T11:56:56.287000Z,2025-05-29T11:57:00.340000Z,2025-05-29T11:56:56.763471Z,410.0,C1PE2AUF,158,"German, English",36,Male,White,Germany,Germany,Germany,German,No,Full-Time
68384ca2a6db449efeacd8f9,5ff4c46f2b78a5bfb54d2941,APPROVED,Not Applicable,2025-05-29T12:01:42.173000Z,2025-05-29T12:07:58.446000Z,2025-05-29T12:07:59.097000Z,2025-05-29T12:07:58.991394Z,377.0,C1PE2AUF,816,"German, English",32,Male,White,Germany,Germany,Germany,German,No,Full-Time
683851ff1da4c4bf1f67b0d2,5eac750612e7012c3efb8177,APPROVED,Not Applicable,2025-05-29T12:24:36.546000Z,2025-05-29T12:34:07.886000Z,2025-05-29T12:34:08.534000Z,2025-05-29T12:34:08.441400Z,572.0,C1PE2AUF,210,"English, German",36,Male,White,Germany,Germany,Germany,German,DATA_EXPIRED,DATA_EXPIRED
68385575631a570fc68f9776,631f460297d204ed8f0db682,APPROVED,Not Applicable,2025-05-29T12:39:23.128000Z,2025-05-29T12:56:04.697000Z,2025-05-29T12:56:07.920000Z,2025-05-29T12:56:05.216782Z,1002.0,C1PE2AUF,482,"German, English",29,Male,White,Germany,Germany,Germany,German,DATA_EXPIRED,DATA_EXPIRED
683856af5c99b74c029a08eb,609289ef0d0473e0096b280c,AWAITING REVIEW,Not Applicable,2025-05-29T12:44:38.834000Z,2025-05-29T12:49:38.216000Z,,2025-05-29T12:49:38.747882Z,300.0,C1PE2AUF,118,"German, English",32,Female,White,Germany,Germany,Germany,German,Yes,Part-Time
68385d6c4a32e30d629a1f4a,60411127dba45b0008bf6bc4,AWAITING REVIEW,Not Applicable,2025-05-29T13:13:19.990000Z,2025-05-29T13:16:26.891000Z,,2025-05-29T13:16:27.437665Z,187.0,C1PE2AUF,1081,"English, German, Romanian, Spanish",31,Female,White,Germany,Germany,Germany,German,No,Part-Time
6838a1fbabdd5c737913adf8,5e9cb7b04a825a0008d29a12,APPROVED,Not Applicable,2025-05-29T18:05:50.625000Z,2025-05-29T18:11:48.957000Z,2025-05-29T18:11:50.201000Z,2025-05-29T18:11:49.650656Z,359.0,C1PE2AUF,295,"English, German",30,Male,White,Germany,Germany,Germany,German,DATA_EXPIRED,DATA_EXPIRED
6836c3c91e2914a51211cb12,5ea94cb8fbc1bf028bf665b3,RETURNED,Not Applicable,2025-05-28T08:05:35.315000Z,,,,,,310,CONSENT_REVOKED,CONSENT_REVOKED,CONSENT_REVOKED,CONSENT_REVOKED,CONSENT_REVOKED,CONSENT_REVOKED,CONSENT_REVOKED,CONSENT_REVOKED,CONSENT_REVOKED,CONSENT_REVOKED
68373e43f4e55bcd9e9ebaed,5f23c2bb95e7ff1a1bd79a69,RETURNED,Not Applicable,2025-05-28T16:48:06.406000Z,,,,,,611,CONSENT_REVOKED,CONSENT_REVOKED,CONSENT_REVOKED,CONSENT_REVOKED,CONSENT_REVOKED,CONSENT_REVOKED,CONSENT_REVOKED,CONSENT_REVOKED,CONSENT_REVOKED,CONSENT_REVOKED
68385dab865e81d76a640720,5b6445d9ad5971000103d9c8,RETURNED,Not Applicable,2025-05-29T13:14:21.223000Z,,,,,,431,CONSENT_REVOKED,CONSENT_REVOKED,CONSENT_REVOKED,CONSENT_REVOKED,CONSENT_REVOKED,CONSENT_REVOKED,CONSENT_REVOKED,CONSENT_REVOKED,CONSENT_REVOKED,CONSENT_REVOKED
